"y","v","w"
0.707219481657115,0.370300694834441,0.681705381255597
1.72202682550222,0.620288523845375,0.778880476020277
1.24724211687917,0.322945163119584,0.868324977345765
-0.118834966012300,-0.51068731257692,-0.189739446155727
1.16616548134179,-0.249541172757745,0.430332029238343
-2.50606487838166,1.83522248035297,-0.274536121170968
4.08491679387195,3.33340735151432,0.40369413420558
-3.84215011938963,3.24287699745037,-0.461224985308945
-3.12527162813751,3.11173636908643,-0.240882799960673
-0.444541781352024,0.185266907559708,-0.467815336771309
2.06861025513786,0.814939877949655,0.263704187236726
2.16063274926776,1.54605729249306,0.702154527418315
-0.93882916130989,-0.524183518951759,-0.370126795489341
-0.265772773997966,-0.202528852038085,-0.203460580669343
4.01748018870517,2.92398872645572,0.682928530965
-0.891064320125408,0.358477688627318,-0.851778616663069
-0.621551445338111,-0.0472196682821959,-0.480701881926507
3.33138323817875,2.76861369237304,0.523194589652121
2.42231345999158,1.93270331691019,0.698385221417993
-1.03714349429176,0.411124557489529,-0.474119178485125
-1.06028655532739,0.162093505263329,-0.116050266195089
-2.61957459973268,1.99797958810814,-0.788357118610293
1.60099799462711,0.0804079414810985,0.331131315324455
2.24565079545043,1.38073107437231,0.60814724676311
-3.76940372974775,3.21942554879934,-0.296354433987290
-3.56020507052184,3.06898578628898,-0.541753196157515
-2.90556013844583,2.15357552841306,-0.454086362849921
-3.73585221911415,2.83902323432267,-0.596622123848647
-4.05489598354417,3.03671669657342,-0.301720492076129
-1.02322894105389,0.677931026788428,-0.530058222822845
-1.14374245114577,0.589691883418709,-0.269955763127655
3.09774555237662,2.28300023917109,0.442271642386913
-3.04153595927697,3.01087824138813,-0.847891295328736
-1.39651784207452,0.98505002539605,-0.508347193710506
3.46579868940254,2.59845412662253,0.488795887678862
3.02677223125731,1.96682225307450,0.68969017220661
1.58142097619194,1.10747364442796,0.281856659799814
2.53593788661429,1.66153471893631,0.803039554972202
3.53757397260753,3.00430181878619,0.667074630968273
2.06968708584931,1.17128501390107,0.320247794967145
-1.18876501216408,0.421805118443444,-0.668390263803303
-0.503243866352009,-0.0253984357696027,-0.177097009960562
-0.380174175172486,0.0231489036232233,-0.511475739534944
0.444714464348833,-0.262532022548839,0.162163965869695
-1.51059956459861,1.27186868200079,-0.753598464187235
3.61205529879924,2.87742034741677,0.872179969213903
-1.10620818723714,0.0662398324348032,-0.105519463308156
-1.05433603601426,0.0742873593699187,-0.318428351078182
-3.40544192469655,2.70122404536232,-0.439384972676635
-1.40666287802616,1.03591601923108,-0.276192363351583
-1.23887690871849,0.582436301978305,-0.349391347728670
-3.53873374522121,2.42999182874337,-0.684774384833872
-3.64608135445364,2.77875065547414,-0.463558387942612
-2.17478249387078,1.32599406386726,-0.613558964338154
-1.64271663855352,0.950602282304317,-0.598823466803879
-1.77913921148406,0.829316705698147,-0.469796773977578
2.7030987866795,2.26301033608615,0.456756682600826
1.17159496262582,0.321264936123043,0.115062693133950
2.07880859751502,1.74327115505002,0.291700762696564
-3.79752982090479,3.06136680510826,-0.250062830280513
-0.633468687523069,0.171765275066718,-0.857941279187799
-1.16897735223738,-0.0830583474598825,-0.750363390427083
2.91368222698668,2.18659808719531,0.737139369361103
-2.84671327598807,2.00774978706613,-0.286377762909979
3.07751341591828,2.38165861205198,0.634713580831885
3.71471762185776,2.62766261445358,0.105239829048514
-1.05466320336886,0.922014070441946,-0.89345423784107
3.29293477449086,2.04614938911982,0.495507190935314
3.74310100163411,2.93928401404992,0.634937938302755
-1.63578226395941,1.10702453274280,-0.468642009422183
3.92488538303734,2.64093671552837,0.325209116097540
3.0203966500356,2.12237484380603,0.588460937142372
-0.92740325329714,-0.238267547916621,-0.558730274904519
-1.56728332253709,0.49174342979677,-0.250770262908190
-0.744322951385048,-0.250184074044228,-0.558309196028858
-2.96035723225899,2.23315269197337,-0.607112498488277
3.27874245996879,2.66868154727854,0.843457245267928
-3.82347663266866,2.71101847500540,-0.114347479771823
-1.80554895280658,0.712282211519778,-0.252816538326442
1.31941425168490,0.233315494609997,0.412781393155456
-2.95419695746125,2.27137753483839,-0.244051650632173
1.22518162447689,0.462785269832239,0.400295885279775
-0.81371121382482,0.396072806091979,-0.708253120537847
2.81240608824318,2.34797664545476,0.29165012948215
3.61415399900313,2.65019058808684,0.842956539709121
3.6110857864884,3.02099945931695,0.639966724906117
-3.51299474041338,3.03745865798555,-0.254098196513951
3.30616747297441,2.61013845889829,0.464464067015797
-1.67992462388551,0.72550470335409,-0.372846458572894
-3.06439318778796,2.22885423782282,-0.702001568395644
1.17868834044609,0.225663501536474,0.71107507031411
-2.3702946005719,1.32093662372790,-0.431523562874645
0.383148319559352,-0.0659421007148921,0.266023071482778
2.48138780221226,1.29964741505682,0.655377296265215
-0.483160250522263,-0.0110685466788709,-0.188457327894866
-3.46768244559249,2.75767752993852,-0.203811329323798
1.72866185980121,0.578611726872623,0.496560835279524
1.01129623610258,-0.262415716657415,0.752283778507262
3.88182786267832,2.47246341290884,0.258264902513474
-1.86306752180139,0.914054157678038,-0.72526047937572
1.70980921564631,1.1711094037164,0.405592462979257
-0.307204400293576,0.212656011339277,-0.758835928980261
-0.0750097003962276,-0.0270439826417714,-0.815946822986007
-0.0306798984799552,-0.614678814541548,0.144193604588509
3.5157822864773,2.54397053131834,0.129021301399916
4.71565282153736,3.32239539106376,0.458187533542514
1.64687827236492,0.658792791422457,0.252091144211590
-0.52696007855056,0.15377364680171,-0.106028193142265
-1.13987572888030,0.46767099853605,-0.420355488080531
-1.50931333789998,1.15086633339524,-0.55579495197162
1.28685735659131,-0.343254284467548,0.820687607862055
-3.18967499955904,2.34634380997159,-0.441743367817253
-1.92256354930466,1.44860932347365,-0.506888753268868
-0.69611778730355,-0.105169130489230,-0.326770487707108
-0.540605672571958,-0.0726180002093315,-0.433431955985725
-1.30055869444783,0.288409909466282,-0.444405953399837
3.54828732456747,3.04844309086911,0.346371807157993
-0.316541538949987,-0.155127975391224,-0.6241624369286
0.0518277303920784,-0.639400551095605,0.515463877469301
4.14891972287109,3.04742398764938,0.809942160267383
0.444519290398313,-0.856942902551964,-0.155488757416606
3.68799024776558,2.30908487318084,0.842835125513375
1.80338450259785,1.10286860354245,0.349270651582628
0.917001869551972,0.172398714115843,0.261393046006560
-0.892338600192878,0.609876853181049,-0.682766725309193
3.68097914977821,3.14439728017896,0.729502354282886
0.603622921613634,-0.553343428997323,0.319670202676207
3.48877421457979,2.75409543863498,0.233872043434530
-0.455823224352141,-0.559871392557397,-0.319400191307068
0.0644458658587109,-0.588982228888199,0.389736355282366
-3.75980008713744,2.87835006811656,-0.733374451752752
-1.23356769139032,0.949719907715917,-0.295563416555524
-4.52044433332601,3.29510310525075,-0.262331622187048
0.484149618780066,-0.081430957885459,0.363659235648811
2.05457776875124,1.26804426521994,0.308650893624872
3.30536083971935,2.23012619977817,0.77912954473868
-2.07165163381369,1.33237289590761,-0.620556727983057
0.847546306375325,0.108621570747346,0.171878859866410
-3.19023561023176,2.71747280354612,-0.343030151445419
4.06769224098306,2.86891186237335,0.475176687818021
3.67768066229625,2.95502375089563,0.566925665363669
4.65142783258378,3.26348701701500,0.340514560695738
-3.58003513260365,3.10418282728642,-0.6105220541358
-2.22640467164237,1.65954459086061,-0.890761252958328
3.253398331568,2.34314683568664,0.4002505983226
3.9911950970965,3.25862914999016,0.321706794202328
2.18596003231806,1.20752533525229,0.289405486546457
-3.27012914930294,2.39809799566865,-0.313489247579128
1.58498662767351,1.28819024283439,0.579960624221712
3.68674023210623,3.04951750067994,0.601632533594966
2.00537187517188,1.02200690750033,0.865119945723563
-0.923675502744755,0.399667190853506,-0.383372880984098
-2.84458327818661,1.86627595429309,-0.356807494070381
1.43828788714217,0.713287155143917,0.474247885867953
3.00829505781582,1.88934175856411,0.425601416267455
-0.268565881722923,-0.0103867265861481,-0.116397198289633
-1.67539014808538,0.123078523669392,-0.379668111912906
3.44766925323681,3.2340310907457,0.56338108330965
-0.663908568500032,0.262778388336301,-0.786481977906078
2.48961104943934,1.45957972132601,0.871160352602601
-1.12159571511999,0.29824232775718,-0.462957399897277
-0.833975317739895,0.302151583367959,-0.863762840162963
0.870977930916542,0.356570934876800,0.308809035923332
1.50796733140248,0.488436879590154,0.203528282698244
2.70973088968711,2.14428894082084,0.365878878626972
1.55278741224424,0.249179319711402,0.270684968680143
1.24058209805258,0.93771516554989,0.88906233664602
1.4434830063925,0.866340179694816,0.329902379307896
2.70280729447319,2.18148213555105,0.267693104688078
-0.6381305956945,0.184827035758644,-0.806650125421584
3.11279385486221,2.41519709560089,0.220370418857783
-3.11366572563262,2.70318353059702,-0.608371614012867
-0.585797970442716,0.409675230970606,-0.623403447680175
2.82693689423378,1.61683307238854,0.751100284513086
-3.05405611342635,2.7959441752173,-0.428371736314148
2.77086619131274,1.97458079643548,0.136512934695929
-1.72065491516305,1.03143423656002,-0.549720157403499
2.33577963162858,1.87817406118847,0.514299304690212
-0.980494760212216,0.714753553969786,-0.243448362220079
4.25749548086434,3.28340719197877,0.50366597250104
2.30376528974582,1.32993923942558,0.405724086333066
3.94771723109297,2.86932948371395,0.671730791218579
0.122387902976617,-0.764997024321929,0.428906111512333
-1.67756003859715,0.627139593474567,-0.558834887109697
0.671201238217495,-0.318787510273978,0.530558552592993
-0.283420286774454,0.125046616652980,-0.818549159914255
-1.64267033632346,1.14568047085777,-0.349844032432884
0.996851781965353,0.891722776927054,0.232285754289478
-0.313716841689612,-0.449951874557883,-0.0255028451792896
-1.42436749947017,0.896742875687778,-0.617160536814481
-3.58558695141267,2.90501617686823,-0.356057403143495
4.05052818232447,2.66997888893820,0.664184366352856
-2.51962195985721,2.08265240397304,-0.247985220048577
1.58148629078131,0.857369637582451,0.314820882864296
-1.84735370667587,1.20023719477467,-0.558936399873346
-1.02601599436291,0.974034326849505,-0.866570932790637
-0.105714593122453,-0.64600516599603,-0.380468960385770
-3.62002222277461,2.90217795036733,-0.376825551968068
-1.21680633592831,0.842865508515388,-0.89289013762027
2.23245949890169,1.62290693819523,0.80847115861252
-0.440028025325207,-0.80677344603464,-0.0165665182285011
-2.13024705878364,1.30776473414153,-0.458298482000828
2.67057865332311,1.67599584534764,0.226396048907191
-2.31245042131661,1.78278709971346,-0.810923363547772
3.51684504562445,2.57147180824541,0.543905190657824
-0.181544019667528,-0.362245133379474,-0.273476343601942
3.70989151714089,3.04846134828404,0.157804941758513
-1.63836615695582,0.543461336987093,-0.198454787489027
1.50886020511689,0.944511013571173,0.756664010230452
-3.43405278498734,2.3656436286401,-0.730914887972176
3.84159460765264,2.72453188407235,0.216970782727003
-3.57379591485270,2.98422674858011,-0.416259904392064
1.97358549714388,1.34727831673808,0.809370507020503
0.590338060853718,0.382668457226828,0.854105319362134
-2.82362584183588,1.48117397655733,-0.710001992527395
-3.28619845917674,2.81144480314106,-0.666657926514745
-3.84390116767771,3.24389201798476,-0.224762303754687
0.49870884941513,0.00476815016008914,0.484240115620196
-1.53960488778606,0.398142884718254,-0.449089460540563
3.56779973641324,2.79671321483329,0.846046809572726
2.47793397930261,1.93084353441373,0.516621871385723
-2.37471011564155,1.8959031868726,-0.716213384643197
-0.973541661919534,0.167518550064415,-0.76336264424026
-1.11147508564049,0.0618206416256726,-0.486174709629267
2.97111694545929,1.69287785515189,0.750527784228325
-4.23797743358757,3.15638221777044,-0.133107812609524
3.17712324356664,2.29007283435203,0.213835752569139
-0.970202089942566,-0.305024583591148,-0.365802373737097
-2.60817984368938,1.77827357407659,-0.76610045414418
-1.18028598868713,0.0794547270052135,-0.835655039642006
2.22113660316771,1.05656977021135,0.640546065289527
0.814974351595945,-0.650584440678358,0.50050154607743
-2.93924697389450,2.27292697736993,-0.241383997257799
2.47592806333402,1.47441210434772,0.866845961660147
2.20568790567843,1.76323282741942,0.77172548417002
-2.70962223436177,2.49848561803810,-0.63541955081746
-3.81038397098455,2.52682664408349,-0.354885639622808
3.27228500625208,2.02236113231629,0.815477478783578
-3.91163092789378,2.86487446841784,-0.528040651697665
4.12499575263142,3.19607143150643,0.163026963360608
-2.28296174832659,1.88898360799067,-0.217140855267644
-2.17163133918642,1.60636428021826,-0.771367591805756
3.42810193313010,2.12664035940543,0.56052200589329
0.545975878067716,-0.422670347848907,0.260330652818084
2.46766245480589,1.37633565440774,0.372950980905443
-0.310313063104614,-0.0231252415105700,-0.659524450078607
4.20559729610357,3.26607103087008,0.744325460866094
3.31246088935328,2.70784430997446,0.578529560472816
1.14722649793166,0.118197262985632,0.274254869669676
2.36139956745965,1.47831517131999,0.864604031667113
-0.467960939725789,-0.218690390698612,-0.658620491623878
0.641713534439758,-0.437292376533151,0.645486168097705
-0.887087701240582,-0.20927390223369,-0.362028539180756
-0.944019173627684,0.402711699483916,-0.199637146200985
-3.42898331415887,2.92015740857460,-0.581983885262161
-0.185305073532407,-0.309443915262818,-0.712570699397475
-3.12712863498308,2.3288213936612,-0.662232111673802
-2.26142189374394,1.47316960012540,-0.805571446195245
-1.33887258292881,0.818706119665876,-0.300464866217226
-3.02627729841708,1.90826636133716,-0.550837221555412
4.49020813283577,3.10921813454479,0.353889669291675
0.345285740220422,-0.579520069528371,0.539231646806002
3.26061050652568,2.84829707676545,0.697234278544784
0.869671271763298,0.379175176844001,0.595916155260056
-1.67725131022443,0.807211402337998,-0.839003588072956
0.104332944349076,-0.4000551069621,0.0481177903711796
1.91106176625385,1.24967012763955,0.515089775901288
-2.63717758013206,2.15617151441984,-0.789486522320658
3.70923829836122,2.60285107512027,0.130143981426954
3.19056464624727,2.42834553564899,0.774938047397882
1.44561975589801,0.765350077766925,0.157693359069526
-0.187364796967393,-0.792511108098552,-0.125008894130588
-0.46536206204169,-0.479646409163252,-0.47000092221424
-2.06212393922529,0.925262403674424,-0.64853052701801
2.27093122235427,1.75332003599033,0.246141577139497
2.59605099611596,1.86783787072636,0.183485127985477
-3.28773493770973,2.40536841889843,-0.855400801170617
0.781723214079895,-0.0166525111999363,0.360690194647759
-3.59774144905043,2.55892941472121,-0.49529047543183
-3.57042302116706,2.73571131844074,-0.497154568322003
3.97848698619012,3.08028297591954,0.199356844183058
-2.95199898483787,2.525414444739,-0.386432614643127
3.48564672290797,2.76137490617111,0.607407645322382
-2.34935450913022,1.30787131818943,-0.510993659961969
1.17566060480663,-0.207214467460290,0.399843161925673
0.772780591697368,-0.657561160856858,-0.305412052664906
-0.47264262245401,0.0225592774804682,-0.54318772116676
-1.23973082955239,0.660569668747485,-0.875763872172683
-2.47207746759055,1.86396458512172,-0.543708859942853
-1.61551787932047,0.968549659941345,-0.678025758825243
1.17576319890161,0.414611900690943,0.363439541310072
3.66287977176799,2.77607791684568,0.415114996489137
-3.46326501766047,2.75050281523727,-0.243306166958064
0.208749499540780,-0.253180832602084,0.319309792947024
2.02288022623351,0.699067743029445,0.514075428247452
-1.04708305201618,-0.0261684590950608,-0.581801019143313
2.05339296265692,1.10930624976754,0.772695725318044
1.59218052819410,0.612174283945933,0.708126401994377
-2.59635145176746,1.86838750005700,-0.282726245932281
1.13432324639240,0.166040597017854,0.471313701942563
-3.0537442282458,2.04933831910603,-0.598756211809814
-0.814074580152907,0.326687607215717,-0.299992213957012
-3.47114136000383,2.85874887928367,-0.797196400351822
0.383434425532619,-0.222219353541732,0.62970648240298
-1.31729691893751,0.550200205529109,-0.462911276612431
-2.84281517229652,2.60012432443909,-0.402116967365146
-2.38873254513741,1.75119251455180,-0.234885727986693
-2.38828662851517,1.77140021440573,-0.441335148643702
-2.25481590925381,1.62600816087797,-0.826553404331207
-1.47921021146266,0.973391973879188,-0.400142148602754
-4.07872843623337,3.27427358576097,-0.586878206115216
-2.88168259301453,2.67513541248627,-0.285067330580205
-3.12346478389763,2.56821980443783,-0.145732755307108
-3.47537407239874,2.88389263302088,-0.175314058084041
-3.23575636258458,2.46561589161865,-0.620060739573091
-3.32889423481232,2.28409291571006,-0.287553535308689
-0.973241538599099,0.0489287879317999,-0.37164200656116
3.00646168839287,2.26337908394635,0.48372385231778
-1.76961035628563,0.906139957718551,-0.550982162356377
2.97558864284156,2.86435199063271,0.527749434579164
2.83399257050746,1.72666582837701,0.834213012829423
3.70283550725648,2.76634558546357,0.65249725850299
3.91964444440638,3.15741535020061,0.230872909072787
2.66511479400351,1.79006052878685,0.863202281296253
3.99372866238395,3.03767572366633,0.7356510842219
-0.921579956598805,-0.140367663931102,-0.676815587095916
2.21643523433294,1.73603547597304,0.615385490003973
-2.27806806365063,1.93809570139274,-0.260839572641999
1.54874500471428,0.540669741807505,0.607565429527313
-3.57220003756487,2.83773604757152,-0.470874908845872
1.71560048154568,0.734002174343914,0.167290817014873
1.6901564127378,0.54097396414727,0.427196542732418
-1.24020008459947,0.538423023885116,-0.457293545361608
0.180299204387347,-0.543844475410879,0.572567781899124
-1.50167275866114,1.18709483509883,-0.117206397000700
-2.47463370561422,1.84259601845406,-0.722794077824801
-1.35405536114834,0.315964347450063,-0.481032725889236
-3.81444339081857,2.9532930997666,-0.53075383650139
-3.49380175587443,2.29154204111546,-0.55432794475928
-2.17498115919950,1.01123357750475,-0.402735545765609
3.43982310588344,2.22681983816437,0.898697574157268
1.40692580973671,0.923367109848186,0.4030253267847
-1.87893854211898,0.922241542488337,-0.548636714462191
-1.18813270492376,0.724095606477931,-0.103555508423597
1.35900581734105,0.95345196290873,0.688207366503775
-1.54349482220819,0.685235060285777,-0.225362498313189
3.51532896188052,2.81363649619743,0.403932762332261
2.82846594225068,1.94142888393253,0.227568838279694
3.51849549288917,2.94954439951107,0.549918654374778
-3.08289132170996,2.56383671402,-0.630054478533566
-0.268917089886762,-0.25700492807664,-0.0874221380800009
3.01134734515679,2.5847391129937,0.337706454563886
-2.35946218592077,2.09737286646850,-0.166022211778909
-1.51503580754247,0.407766251359135,-0.787571797147393
1.52004487556034,0.914416255895048,0.254794016014785
-0.619113288929654,-0.230489283800125,-0.479468219447881
2.76186757524697,2.13342201756313,0.323621294926852
-0.60544878374777,-0.0916525048669428,-0.806754779070616
-2.67795854451967,1.74864754406735,-0.82363308640197
-2.43783509769224,1.66512710601091,-0.300759942736477
-2.09997178331181,1.45003109914251,-0.497579871211201
-3.89911938555293,3.1598974482622,-0.387617762666196
-1.02706877580804,-0.262390814255923,-0.617450632620603
2.85543860088653,2.15096871228889,0.563595910556614
-0.260111329388204,-0.0855900570750237,-0.377623072359711
-0.924635148285204,0.223533656448126,-0.318910784088075
2.77508418014556,1.98424996319227,0.156561710871756
-2.43588545799211,2.18957276875153,-0.280502499081194
1.44990478498834,0.350037847878411,0.218581007327884
-2.35350430308951,1.55958876456134,-0.262966202571988
3.72001356002587,3.13338447455317,0.540655422955751
0.360895830934033,-0.709758459357545,0.100677968002856
-3.76186913202691,2.95578280440532,-0.748158141504973
0.958833473321394,-0.177716462872922,0.550850167870522
3.30722362135304,2.50173751940019,0.517352732364088
0.927649227088377,-0.00475615402683616,0.211673720739782
-0.823253300704566,0.670830183429644,-0.256020910572261
-4.25395999306032,3.32289809570648,-0.613844086416066
1.44294423011232,0.523611701559275,0.103353273123503
-2.04970472839466,1.61651707580313,-0.109614846296608
2.23421173402351,1.04262879560702,0.633824010845274
-1.6360561840692,0.941888130968437,-0.677692262921482
2.75696519944121,1.43540011462756,0.135982986539602
-3.49040743568259,2.50537579506636,-0.106772359926254
-1.23988705266919,0.187429502606392,-0.728367375675589
1.93519775401256,1.05742534366436,0.144837160594761
1.07836533787038,0.0982287186197937,0.374589213635772
-1.37925437549887,0.834977106191218,-0.288027408998460
2.88252440697836,2.16188569995575,0.401260445360094
1.84704971286586,0.639620917849243,0.663755961693823
-0.868768064983106,0.201255368068814,-0.264255946502090
3.85747559135211,3.07231202349067,0.653402421623468
4.13529895051261,3.12148957839236,0.4540611859411
3.29878284458515,2.78002683864906,0.515310825314373
0.580322583134943,-0.128731194650754,-0.0519545339047909
-1.54515363552627,0.934791469248012,-0.838564092759043
3.03854021078426,1.75296030682512,0.647509794682264
0.647832355087574,-0.359327773563564,0.645703501068056
2.32892807315373,1.32542103040032,0.421354049351066
4.09344006534074,2.98834122577682,0.883933490142226
3.19732396553663,2.60052908887155,0.230995188932866
3.88513750032426,2.90872657531872,0.843159412965178
-1.39262395841735,1.03480540076271,-0.622003856580704
-0.841379078604402,-0.122768429806456,-0.616429898887873
2.82825546134036,1.97742047812790,0.205560613423586
2.65295587178067,1.86338296253234,0.210952931083739
-2.10420342747834,0.723721933085471,-0.302355255931616
4.16220940791171,2.60527330311015,0.592599326279014
-3.77041476409159,3.12676489329897,-0.83450346114114
0.353217498009808,-0.0155122266151011,0.825312590226531
-1.85400352755552,1.37129922723398,-0.57155378209427
-3.37433164938251,2.67362091084942,-0.504159013740718
0.596050003862071,-0.261639630421996,0.324816382024437
-0.0629270765040207,-0.162236046977341,-0.817848907317966
0.213469695607316,-0.529470806010067,0.656978810671717
-3.51323383643126,2.97217049612664,-0.284807419404387
-3.60761218486643,2.55326373712160,-0.603458027355373
2.21358045075102,1.45021172333509,0.658379756845534
2.18715479181711,1.30571451364085,0.485101374797523
3.76527052435526,3.16370444465429,0.544067889451981
-2.28085152109323,1.58001913316548,-0.345405055209994
-0.168607488309270,-0.370131274918094,-0.225198674947023
0.492015851749991,-0.718094142153859,0.434454352594912
3.06536073849101,2.11685936991125,0.172578080091625
-2.08194191693563,1.68149431445636,-0.137687330134213
-2.72243717749099,1.86140790209174,-0.346631425432861
2.88624380117982,2.49357702187262,0.722906693350524
-1.61696068729886,1.01583413872868,-0.192700930405408
-2.16465291926373,0.690420847153291,-0.690248860511929
-0.375074771125200,-0.562233602628112,-0.526978315785527
-2.75178605545611,2.66629586322233,-0.833245617337525
1.82023418866921,1.21428355551325,0.682551732286811
0.863236931739553,-0.0804915654007345,0.118942838162184
-0.198726258716546,-0.800343329552561,-0.0355970649980009
1.04177485464945,-0.0517008095048368,0.167854223866016
-3.73174469205603,3.17273569386452,-0.242159557528794
1.38990434734271,0.61337919998914,0.691359277814627
-1.28145638944263,0.422594151226804,-0.109800861217082
1.49405494208395,0.31219299393706,0.655822722706944
2.14195170023601,1.28723466745578,0.706170625519007
3.09888280636730,2.05929575581104,0.138133840169758
-1.30321922082935,0.85698174755089,-0.293020703829825
-0.769527456076323,-0.0674117358867079,-0.535649938043207
-0.884321634495915,-0.35602298588492,-0.757761699147522
-2.52498109528768,2.32770548178814,-0.29813947994262
1.68645447634867,0.865551391383633,0.167235627304763
0.766358627249418,-0.3742092885077,0.118739918339998
0.457628708815307,-0.0829249552916735,0.268438902683556
0.576913399187025,-0.598728087730706,0.293401090428233
-2.47703386830868,1.5141418306157,-0.894412344321609
0.361111193256522,0.0945879272185266,0.193228685762733
2.31070201590088,1.16271520708688,0.234620145987719
-3.05940944140919,1.95342100318521,-0.379488282836974
-1.764154588892,0.753065016819164,-0.349079261533916
1.83910806895505,1.11741253151558,0.192264602053910
0.669380233849731,-0.714684104546905,0.537029462866485
2.37862111440543,2.29895676462911,0.608150488696992
0.860765483597487,-0.717737934552133,0.406092897057533
1.49189039728571,0.705597430700436,0.701024405192584
1.94474853574086,1.11685773567297,0.438082269858569
1.25885008431930,0.441202090354636,0.531368223950267
3.10462911613582,2.27349533326924,0.266352789010853
2.81521274825594,2.10544174397364,0.397382196504623
-0.519730522171883,-0.567853291518986,-0.201166266575456
0.737372546372176,0.121726591372862,0.304482012055814
-2.10563657123312,1.26690461626276,-0.845797005109489
-1.83176974348657,1.57130331359804,-0.215000034775585
4.36794014805694,3.31430375436321,0.262605755589902
1.93229037567818,0.929231433896348,0.177045418415219
3.04017781078857,1.95953485067002,0.213593387044966
-2.95864242018310,2.24535798630677,-0.884418513160199
2.67045800736275,1.68410893506370,0.212622871622443
-3.75084173523651,3.04914980637841,-0.160205670632422
3.47307804119103,2.45429242239334,0.297818396706134
1.65364659070004,0.788613526150584,0.164841873105615
3.87712644387856,2.89674004050903,0.782721950672567
-3.29504753207870,2.59260220313445,-0.195332258474082
-2.72102929800441,2.13342051114887,-0.33543007215485
0.99148432638378,0.117965372977778,0.896508257836103
-3.93786023255568,3.02545095188543,-0.40259346505627
0.487336602697053,-0.0444219158962369,0.176159301772714
1.92389321539328,1.1732211264316,0.721170669887215
-1.54070151300499,0.50985904620029,-0.173997992649674
4.08879231511652,3.13537909509614,0.137979212217033
-3.70949295200264,2.49318922846578,-0.242648714222014
-1.06284767777284,0.289363468531519,-0.399713109713048
2.32702436234436,1.83003776799887,0.589678867720068
2.43591458992741,1.66443253378384,0.82729722559452
0.331275771624569,-0.323020761366934,0.47288963617757
-2.22229029913487,1.17953960527666,-0.239180452190340
1.71261201544352,0.723619438707829,0.374948598910123
-2.83633989280079,2.5318777768407,-0.211440907791257
-1.65870068043835,0.324791846564040,-0.644790715537965
-1.31832630880806,0.441188006429002,-0.529183950740844
0.65813605606042,0.0732206713873893,0.653675624169409
-2.08763024838607,1.46787249227054,-0.270817522425205
0.0962930109292053,-0.743010429665446,0.104337044525892
1.88301377003104,0.887976507423446,0.743128329515457
-1.16832383703852,1.06477589905262,-0.776419221889228
-3.31691263172264,2.42673083767295,-0.148467977996916
2.86430959970405,1.69753386848606,0.530426118988544
-0.056224103334324,-0.363474484998733,-0.219373960979283
1.15057347962605,1.11059591267258,0.258201860822737
-2.57617244333507,1.59992320556194,-0.641987651120871
-0.440201327895724,0.245061010122299,-0.82322677411139
3.45138436988624,2.81749270600267,0.718632484320551
-3.52617971225322,2.46164540038444,-0.44775770790875
2.72026530325297,1.89385531796142,0.149399531539530
-0.0186959787666020,-0.674892876064405,0.0447652922011912
-2.97354927495612,1.64618111774325,-0.685531267430633
-2.08830881053011,1.49891624087468,-0.464884393848479
-3.48237721896931,2.73199314693920,-0.43187468778342
2.30353302794728,1.39771928871050,0.465028756763786
0.671731419819192,-0.212347116554156,0.45632745930925
-2.16721235154415,1.25749487522990,-0.849131686147302
-1.56613041910084,0.803309734677896,-0.320169644895941
0.0608746903173219,-0.376251494977623,-0.336409919895232
3.62702152564379,3.32552802143618,0.41894825687632
3.99155075255546,2.94346897955984,0.167487356346101
4.16962309869159,3.10225001280196,0.264031656552106
2.55107807909484,1.97941285418347,0.392210437916219
-3.55804756868175,2.2927498978097,-0.636579043697566
-3.22577859259438,2.29939444083720,-0.708156012464315
1.15416309204610,0.416810549562797,0.530379191972315
-0.726124235150814,0.350213076220825,-0.589772057719529
3.51446225774764,2.8149932178203,0.664245017804205
1.33118352545627,0.0565106733702123,0.361690283287317
1.29542406102694,1.01709933346137,0.532997408416122
0.703609657056921,0.191314731258899,0.475686966907233
-1.37630443122661,1.02746293158270,-0.121183258946985
-3.02554665433242,2.46468052477576,-0.411417846102268
-0.862741145649157,-0.0613350458443165,-0.124232644215226
1.76518228853692,0.878596761962399,0.751813041977584
-1.59281008733885,0.900911090197042,-0.379939683713019
1.46217933791374,0.802248106105253,0.385451066773385
-0.703230802333743,-0.0678199229296297,-0.847333650570363
3.97048094601257,2.83621088461950,0.847345106303692
1.7400490646219,0.8963808612898,0.248548774980009
1.03629218623689,0.627218084177002,0.613884282298386
-0.820418039327016,-0.0785015816800296,-0.542455664370209
-2.50349986292366,1.55505776382051,-0.359924236312509
3.64044914537816,2.83240827010013,0.497089477721602
1.61434097065236,0.541370333870873,0.189333145972341
-1.65949051805153,1.10151330684312,-0.604775787796825
2.89180247026179,2.47470882232301,0.578158149961382
1.30254792619075,0.80488113197498,0.56061553908512
3.34575573434636,2.41301654931158,0.454704287927598
3.13769430044457,1.88803212577477,0.823793087620288
0.107382103355554,-0.203926291083917,0.302006927784532
0.383900209330081,-0.519743646960706,0.406065289862454
-1.25800777242888,0.46805741940625,-0.606090235058218
-1.96526866780788,1.64759470359422,-0.729454845190048
-2.04811895640438,0.86703720362857,-0.727493084035814
-2.462694645563,1.81512147630565,-0.32889560284093
2.18841051388600,1.37052039010450,0.257060767617077
1.91477950367028,0.52926062233746,0.374860148411244
-4.61514335788016,3.30263886810280,-0.372580839786679
-1.85714042127131,1.54894308047369,-0.188142756465822
1.08278153150217,-0.0914663358125836,0.0895961876958609
2.10607147725315,1.27837540092878,0.549427663441747
-1.06606717851807,0.750811747042462,-0.369314484763891
2.70473605245386,1.70454056211747,0.717897299211472
2.8466104419812,1.84323856700212,0.155080648139119
-3.1230349816236,1.98697710735723,-0.413269067183137
-0.0998318593429105,-0.134162149857730,-0.470952051691711
-1.23955408220776,0.237643557833508,-0.24830878386274
0.0963170877465928,-0.397641370305791,-0.185873478185385
-1.37839753054815,0.0600716306362301,-0.398908145260066
-0.619724166618524,-0.711685162037611,-0.411643053404987
-1.59227929395401,0.854159008944407,-0.886504998896271
1.62761932992626,0.473588730441406,0.71820033621043
2.89995433178364,2.44239894067869,0.774048013612628
-2.25176206472217,1.21503515145741,-0.41663589514792
-3.02365744858958,2.53763795923442,-0.415261800866574
-0.74850711593254,0.40311861759983,-0.459050949662924
0.927188593538462,0.0401978937443346,0.830519495531917
1.75651140183920,1.01447768835351,0.170245090499520
0.323240579286614,-0.467358203837648,0.255319054704159
4.16062013851559,3.18390772305429,0.401634502224624
1.45647598734029,0.598838818026707,0.6048469459638
2.30402371310975,1.25858800928108,0.836556885857135
0.846698931868178,0.337618855759501,0.103822370991111
-0.874252258997236,-0.0239188529085368,-0.566983599681407
-1.04355837847041,-0.237722626421601,-0.704451785888523
2.57376463833028,1.71630457951687,0.105152258183807
-1.11244465530728,0.348369417246431,-0.126321114599705
1.85974182267043,1.2109142516274,0.439920437987894
3.10078600593421,2.04166048299521,0.115157905034721
1.36753345201295,0.648699127836153,0.748160721734166
2.49068291205052,1.71989332395606,0.515480050817132
-4.05326968328216,3.34137322590686,-0.594703468494117
-0.557864677089555,0.199257664848119,-0.713513971306384
-1.72292225808534,1.13190584559925,-0.356612934730947
-3.82823166251382,3.17112665949389,-0.539679785724729
0.706116618892629,-0.243300785310566,0.49875973071903
1.20536975596825,0.753151392331347,0.656576301902533
2.06803870503898,1.36142712645233,0.71738247293979
-0.134807913569330,-0.573268359526992,-0.347582933027297
-3.00931512797041,2.00647930591367,-0.19180288631469
3.10858559775499,2.21255177375861,0.608278144150972
-1.91623283684768,1.38191908574663,-0.273482971824706
-2.93426780106227,2.23590291780420,-0.301232777535915
-3.21543440016716,1.90794444619678,-0.725004042964429
-1.90238249334025,1.63418827322312,-0.88499009096995
-2.63864991145285,1.70739950006828,-0.842232355382293
3.48201816296038,2.84111609077081,0.199224672280252
-2.85045655467947,2.30281861242838,-0.812320290133357
-0.832282431791251,-0.309373529395089,-0.801169767044485
1.72612645433566,0.844830077607185,0.18984217941761
3.44872644199466,2.33376481547020,0.421013765502721
3.44622727688630,2.93950072815642,0.391479365061969
3.52797006629767,2.96188727114350,0.285607460420579
2.56491249497413,1.23006617743522,0.343490338418633
0.99935083524968,0.449322050902992,0.6169577203691
3.47658755797461,3.17631442076527,0.150006344541907
0.505221247689209,-0.738851898582652,0.107728614471853
-3.93179668539917,2.73207304161042,-0.826744145248085
-0.540945519767514,-0.344926213379949,-0.210218093357980
1.32357142228894,0.400331913027912,0.718025397509336
-0.618623674343117,0.131277040112764,-0.852255147881806
0.298128427795728,-0.0378165373113006,0.480525412596762
3.95400895708467,2.96257357439026,0.404583574738353
-0.707609548413605,-0.167057650629431,-0.280506923329085
1.99183786994613,0.699650536756963,0.199755381327122
1.99503838257961,0.704678073292598,0.8039455791004
-2.24996013097748,1.73470244370401,-0.449304635636508
3.35517236494057,2.70400079991668,0.571658653207123
-2.7824515380242,1.78818809543736,-0.486962582916021
3.35151519966655,2.13457407755777,0.706609401851892
-2.19133122909135,1.53140330198221,-0.185206917580217
-0.417403519014843,-0.343122587306425,-0.441872178576887
-2.60333916595347,1.53921473398805,-0.833126896992326
-3.02328806476276,1.91065780445933,-0.558361709117889
0.450546324409367,-0.479644658276811,0.580768545158207
3.83633578196972,2.92412686953321,0.577452306170017
-1.89322235247289,1.41333578363992,-0.87318435497582
-1.94339390139678,0.901638576528057,-0.887727856636047
-4.10062475018143,3.37437793938443,-0.62574572628364
1.36387160721850,1.01537809567526,0.792740801349282
2.28594680509787,1.38789726048708,0.631873596925288
-2.87821249299415,1.89402147405781,-0.763034722302109
-3.95529226952979,3.35779350227676,-0.645203281659633
2.98662004182882,1.55470335483551,0.654630626551807
-2.38507726636629,1.50185440527275,-0.181571132037789
-3.41263781001305,2.71224459144287,-0.557848582044244
3.07245101230877,2.13495464390144,0.109308782499284
-3.65755871737439,2.92661911668256,-0.524305354338139
3.69010695255428,3.05441376729868,0.440240301191807
-2.65806235249747,1.98654364421964,-0.151549093425274
3.16045598288751,2.34582326933742,0.101410101167858
0.722213420679216,-0.0677194646559656,0.485734739340842
2.48490613187804,1.56198279210366,0.272198311053216
1.92673379607801,1.11729111033492,0.581103515811265
0.563286420447249,-0.384630923159420,0.777967942878604
-3.69326524766338,2.82839981350116,-0.200274773407727
0.52594988431371,-0.348486766684800,0.685530151240528
