0.065624,5.8333e-009,7.8626e-026
0.088975,5.8096e-009,2.0103e-023
0.11285,5.8112e-009,5.7885e-021
0.13736,5.8403e-009,1.1644e-018
0.16262,5.8599e-009,1.6328e-016
0.18872,5.8952e-009,1.594e-014
0.21571,5.9618e-009,1.0824e-012
0.24364,5.9679e-009,5.1104e-011
0.27251,6.2842e-009,1.6779e-009
0.30227,6.0134e-009,3.8353e-008
0.33285,5.9547e-009,6.1148e-007
0.36411,7.0396e-009,0
0.39589,5.8597e-009,0
0.42798,5.6302e-009,0
0.46016,5.4655e-009,0
0.49219,6.0354e-009,0
0.52382,4.7468e-009,0
0.55483,4.6882e-009,0
0.58499,4.4152e-009,0.014901
0.61413,-1.8218e-010,0.017314
0.64211,2.1726e-009,0.01983
0.6688,3.9278e-009,0.023784
0.69416,3.2434e-009,0.030427
0.71813,2.7864e-009,0.040968
0.74071,2.5731e-009,0.055848
0.76191,2.3279e-009,0.074998
0.78177,2.0113e-009,0.098702
0.80034,1.8385e-009,0.12727
0.81768,1.9396e-009,0.16113
0.83386,6.9123e-010,0.19978
0.84893,-2.1469e-010,0.23778
0.86298,1.1061e-009,0.26772
0.87608,9.3803e-010,0.29292
0.8883,8.4017e-010,0.32738
0.89972,1.5655e-009,0.37591
0.91041,6.2577e-010,0.42412
0.92045,5.5404e-010,0.45229
0.9299,6.1066e-010,0.4524
0.93884,3.8986e-010,0.43219
0.94733,3.4746e-010,0.40814
0.95543,2.702e-010,0.3953
0.96321,2.2551e-010,0.39803
0.97072,1.719e-010,0.40537
0.97803,1.2792e-010,0.40027
0.98517,8.6675e-011,0.37685
0.99221,4.7088e-011,0.34185
0.9971,-0.00013188,0.30136
0.065456,0.021335,5.7903e-021
0.088752,0.021759,1.7073e-021
0.11257,0.022299,1.3822e-020
0.13704,0.022944,2.5642e-018
0.16226,0.023681,3.3648e-016
0.18833,0.024489,3.0992e-014
0.21531,0.025346,2.0012e-012
0.24324,0.026221,9.0474e-011
0.27213,0.027078,2.861e-009
0.30193,0.027878,6.3239e-008
0.33256,0.028582,9.7722e-007
0.36389,0.029148,0
0.39575,0.029541,0
0.42794,0.029733,0
0.46023,0.029706,0
0.49236,0.02945,0
0.52409,0.028972,0
0.55519,0.028287,0
0.58543,0.027418,0.017738
0.61463,0.026397,0.02191
0.64265,0.025259,0.027813
0.66938,0.024039,0.035607
0.69475,0.02277,0.044988
0.71872,0.021482,0.056565
0.74129,0.020199,0.070557
0.76248,0.018942,0.086403
0.78232,0.017724,0.10423
0.80087,0.016557,0.12544
0.81818,0.015448,0.15379
0.83432,0.014402,0.19364
0.84937,0.013421,0.24168
0.86339,0.012508,0.28657
0.87645,0.011664,0.32478
0.88864,0.01089,0.36807
0.90003,0.010184,0.42595
0.91069,0.0095459,0.48769
0.9207,0.0089748,0.52838
0.93012,0.0084685,0.53233
0.93903,0.0080246,0.50855
0.94749,0.0076408,0.48009
0.95557,0.0073143,0.46258
0.96332,0.0070425,0.45776
0.97081,0.0068229,0.45792
0.97809,0.0066534,0.45154
0.98522,0.0065322,0.43148
0.99224,0.0064579,0.39764
0.9992,0.0064298,0.3522
0.06495,0.042566,2.3556e-016
0.08808,0.04342,6.7382e-017
0.11175,0.044508,4.47e-018
0.13608,0.04581,1.3278e-017
0.16118,0.047299,7.4908e-016
0.18716,0.048937,6.2717e-014
0.2141,0.050676,3.7183e-012
0.24202,0.052456,1.5501e-010
0.27096,0.054203,4.5469e-009
0.30086,0.05584,9.3854e-008
0.33166,0.057281,1.3634e-006
0.36321,0.058444,0
0.39533,0.059255,0
0.42782,0.059655,0
0.46042,0.059606,0
0.49287,0.059092,0
0.52491,0.058123,0
0.55628,0.05673,0
0.58675,0.054966,0.019656
0.61614,0.052895,0.027179
0.6443,0.050588,0.038518
0.67112,0.048119,0.052199
0.69653,0.045556,0.06574
0.72051,0.042959,0.078505
0.74306,0.040377,0.090559
0.7642,0.037849,0.10149
0.78398,0.035405,0.11208
0.80245,0.033065,0.12562
0.81968,0.030842,0.14842
0.83573,0.028747,0.18733
0.85068,0.026784,0.24059
0.8646,0.024958,0.29552
0.87757,0.02327,0.34398
0.88967,0.021721,0.39479
0.90096,0.020309,0.46087
0.91153,0.019035,0.53495
0.92144,0.017894,0.58786
0.93078,0.016884,0.59774
0.9396,0.015998,0.57462
0.94798,0.015233,0.54575
0.95598,0.014582,0.52543
0.96366,0.014041,0.51287
0.97108,0.013603,0.50519
0.97829,0.013266,0.49769
0.98535,0.013024,0.4817
0.99231,0.012877,0.44969
0.99921,0.012821,0.40007
0.0641,0.063587,2.009e-012
0.08695,0.064882,5.7514e-013
0.11035,0.066534,4.5847e-014
0.13445,0.068515,1.0213e-013
0.15935,0.070788,8.8197e-014
0.18518,0.073297,1.5063e-013
0.21203,0.075971,7.6661e-012
0.23994,0.078716,2.9479e-010
0.26896,0.081424,7.9271e-009
0.29904,0.083968,1.4958e-007
0.33011,0.086217,1.9843e-006
0.36203,0.088041,0
0.3946,0.089321,0
0.4276,0.089964,0
0.46075,0.089907,0
0.49374,0.089126,0
0.5263,0.087637,0
0.55814,0.085493,0
0.58901,0.082776,0.020247
0.61871,0.079592,0.030995
0.6471,0.076055,0.047647
0.67406,0.072278,0.067588
0.69954,0.06837,0.085967
0.72353,0.064421,0.10036
0.74603,0.060506,0.11121
0.76708,0.056684,0.11919
0.78675,0.052996,0.12566
0.80509,0.049471,0.13486
0.82217,0.046128,0.15404
0.83807,0.042979,0.19014
0.85287,0.040031,0.24247
0.86663,0.03729,0.3002
0.87944,0.034757,0.3537
0.89137,0.032433,0.40842
0.90251,0.030319,0.4783
0.91292,0.02841,0.55957
0.92268,0.026703,0.62192
0.93187,0.025192,0.63952
0.94055,0.023869,0.62152
0.94879,0.022727,0.59609
0.95667,0.021757,0.57576
0.96422,0.02095,0.55809
0.97153,0.020299,0.54393
0.97863,0.019796,0.53379
0.98558,0.019437,0.51827
0.99242,0.019217,0.48561
0.99922,0.019134,0.43273
0.062896,0.084289,3.5921e-009
0.085348,0.086039,1.0311e-009
0.10837,0.088276,1.0709e-010
0.13212,0.09097,3.0803e-010
0.15673,0.094073,2.6086e-010
0.18233,0.097515,3.6042e-011
0.20904,0.1012,4.3793e-011
0.23692,0.10501,1.2126e-009
0.26604,0.10878,1.6985e-008
0.29636,0.11235,2.607e-007
0.32782,0.11552,3.2173e-006
0.36028,0.1181,0
0.39351,0.11994,0
0.42726,0.12087,0
0.4612,0.12083,0
0.49499,0.11977,0
0.5283,0.11771,0
0.56082,0.11475,0
0.59226,0.11099,0.020244
0.62242,0.10659,0.032591
0.65112,0.10172,0.052698
0.67827,0.096549,0.077691
0.70383,0.091215,0.10042
0.72781,0.085851,0.11635
0.75023,0.080555,0.12704
0.77115,0.075403,0.13545
0.79065,0.070447,0.14314
0.8088,0.065721,0.15337
0.82567,0.061248,0.17205
0.84136,0.057039,0.2046
0.85593,0.053103,0.25167
0.86947,0.049444,0.30693
0.88206,0.046065,0.36215
0.89376,0.042968,0.41899
0.90467,0.040152,0.48921
0.91486,0.037613,0.57191
0.92441,0.035345,0.6397
0.93339,0.033339,0.66518
0.94187,0.031587,0.65375
0.94993,0.030075,0.63153
0.95762,0.028792,0.61136
0.965,0.027727,0.59176
0.97214,0.026867,0.57442
0.97909,0.026205,0.55996
0.98588,0.025732,0.53873
0.99258,0.025442,0.50051
0.99923,0.025332,0.44473
0.06133,0.10456,1.3473e-006
0.083256,0.10678,3.9058e-007
0.10578,0.10963,5.7551e-008
0.12906,0.11307,1.9502e-007
0.15326,0.11707,1.6505e-007
0.17854,0.12152,2.2715e-008
0.20503,0.12633,1.2497e-008
0.23285,0.13132,2.6622e-007
0.26208,0.13631,1.027e-006
0.29271,0.14107,1.0329e-006
0.32469,0.14532,5.0678e-006
0.35786,0.14882,0
0.39198,0.15132,0
0.42674,0.15263,0
0.46177,0.15263,0
0.49665,0.15126,0
0.53099,0.14857,0
0.56442,0.14467,0
0.59663,0.13974,0.020565
0.62736,0.13399,0.032744
0.65646,0.12765,0.054021
0.68384,0.12095,0.081803
0.70948,0.11408,0.10691
0.73342,0.10722,0.12337
0.75571,0.10048,0.13459
0.77644,0.093952,0.14629
0.7957,0.0877,0.16016
0.81359,0.081756,0.17659
0.83019,0.076141,0.19798
0.8456,0.070866,0.22775
0.85988,0.065937,0.26855
0.87313,0.061359,0.31966
0.88542,0.057133,0.37632
0.89683,0.053264,0.43701
0.90745,0.049748,0.50782
0.91735,0.046584,0.58829
0.92662,0.043762,0.65701
0.93533,0.041272,0.68841
0.94356,0.039099,0.68239
0.95137,0.037228,0.66047
0.95883,0.035643,0.63796
0.966,0.034328,0.61767
0.97293,0.033268,0.59979
0.97967,0.032452,0.57977
0.98628,0.03187,0.54785
0.99279,0.031514,0.50031
0.99926,0.031378,0.44212
0.059389,0.12427,0.00010632
0.080656,0.12698,3.2096e-005
0.10254,0.13047,7.4146e-006
0.12522,0.13471,2.5993e-005
0.14888,0.13966,2.193e-005
0.17371,0.14523,3.1078e-006
0.19989,0.15128,1.4346e-006
0.22758,0.15764,2.3421e-005
0.2569,0.16405,8.7689e-005
0.2879,0.17021,5.7061e-005
0.32052,0.17577,1.4439e-005
0.35462,0.18038,0
0.3899,0.18372,0
0.426,0.18551,0
0.46245,0.18559,0
0.49878,0.18389,0
0.53447,0.18047,0
0.56909,0.17549,0
0.60226,0.1692,0.02107
0.63371,0.16189,0.032093
0.66328,0.15389,0.052772
0.6909,0.14549,0.081646
0.71659,0.13695,0.1058
0.74043,0.12847,0.1206
0.76252,0.12021,0.13339
0.78297,0.11227,0.1506
0.80192,0.10469,0.17355
0.81947,0.097509,0.19908
0.83573,0.090745,0.22539
0.85078,0.084398,0.25463
0.86471,0.078473,0.29167
0.8776,0.072972,0.34009
0.88953,0.067899,0.39928
0.90058,0.063256,0.46628
0.91083,0.059046,0.53954
0.92038,0.055263,0.61575
0.9293,0.051897,0.68118
0.93768,0.048933,0.71623
0.94559,0.046354,0.71565
0.95311,0.044137,0.69359
0.96029,0.042263,0.66694
0.96719,0.040711,0.64425
0.97387,0.039462,0.62451
0.98037,0.038502,0.59747
0.98675,0.037816,0.55411
0.99304,0.037397,0.49802
0.99928,0.037238,0.43863
0.057067,0.14331,0.0017937
0.07753,0.14651,0.00063759
0.098623,0.15066,0.00025526
0.12054,0.15574,0.00074251
0.1435,0.16172,0.0006184
0.16772,0.16851,0.00010271
0.19345,0.17597,6.5854e-005
0.22091,0.1839,0.00049664
0.25029,0.19199,0.0017129
0.28169,0.19985,0.0012514
0.31509,0.20703,0.00028356
0.35034,0.21305,0
0.38712,0.21745,0
0.42494,0.21988,0
0.46326,0.22009,0
0.50144,0.21801,0
0.53887,0.21371,0
0.57499,0.20743,0
0.60936,0.19952,0.0221
0.64167,0.19038,0.031631
0.67176,0.18045,0.049648
0.69961,0.17013,0.077165
0.72529,0.15975,0.097641
0.74893,0.14954,0.1102
0.77071,0.13968,0.12641
0.79079,0.13026,0.15063
0.80933,0.12133,0.18309
0.82646,0.11291,0.21768
0.8423,0.10499,0.24954
0.85692,0.097572,0.28122
0.87043,0.090648,0.31909
0.88289,0.084221,0.36791
0.89439,0.078296,0.42973
0.905,0.072881,0.50193
0.91482,0.067979,0.57625
0.92394,0.063585,0.64563
0.93245,0.059688,0.70482
0.94043,0.056268,0.74334
0.94797,0.053299,0.75178
0.95513,0.050756,0.73404
0.96198,0.04861,0.70463
0.96857,0.046836,0.67645
0.97496,0.045411,0.64999
0.98118,0.044316,0.6143
0.98729,0.043536,0.56303
0.99332,0.043059,0.50313
0.99931,0.042878,0.44385
0.054361,0.16154,0.007172
0.073871,0.16523,0.0042091
0.094007,0.17005,0.0029295
0.11498,0.176,0.0050938
0.13703,0.18307,0.0039916
0.16045,0.1912,0.0012343
0.18553,0.20026,0.0013481
0.2126,0.21002,0.0039232
0.24193,0.22012,0.0093135
0.27374,0.23008,0.0084913
0.30807,0.23928,0.0030152
0.34476,0.24709,0
0.38342,0.25288,0
0.42347,0.25615,0
0.46418,0.25656,0
0.50475,0.25403,0
0.5444,0.24866,0
0.58241,0.24078,0
0.61825,0.23088,0.027771
0.65155,0.21954,0.035149
0.68218,0.20735,0.046477
0.71018,0.19483,0.066429
0.73572,0.18239,0.083321
0.75903,0.17031,0.098094
0.78035,0.15876,0.11913
0.79993,0.14783,0.15043
0.81794,0.13754,0.19113
0.83455,0.12788,0.23312
0.84988,0.11881,0.27012
0.86402,0.11033,0.30649
0.87704,0.1024,0.34812
0.88901,0.095041,0.3993
0.9,0.088258,0.46149
0.9101,0.082067,0.53295
0.91941,0.076477,0.60282
0.92802,0.071484,0.66247
0.93605,0.067072,0.71449
0.94356,0.063216,0.75734
0.95067,0.059882,0.7784
0.95742,0.057035,0.77056
0.96389,0.05464,0.7423
0.97013,0.052664,0.70754
0.97618,0.05108,0.67051
0.9821,0.049864,0.62572
0.9879,0.048998,0.57123
0.99364,0.048469,0.51243
0.99934,0.048269,0.45404
0.051281,0.17882,0.011151
0.069681,0.183,0.013496
0.088682,0.18848,0.014566
0.1085,0.19531,0.014358
0.12942,0.20352,0.0092388
0.15176,0.21309,0.0079311
0.17592,0.22393,0.010118
0.20233,0.23582,0.019179
0.23145,0.24836,0.026217
0.26363,0.26093,0.023181
0.29901,0.27274,0.01017
0.33746,0.28288,0
0.37852,0.29049,0
0.42142,0.29487,0
0.46522,0.29559,0
0.50887,0.29249,0
0.55134,0.28577,0
0.59172,0.27586,0
0.62932,0.26347,0.033347
0.66372,0.24941,0.0396
0.69485,0.23451,0.048401
0.72285,0.21943,0.063704
0.74805,0.2047,0.078051
0.77081,0.19061,0.093345
0.79148,0.17731,0.11707
0.81038,0.16486,0.15335
0.82774,0.15322,0.20065
0.84374,0.14234,0.25012
0.85849,0.13215,0.29107
0.87207,0.1226,0.33086
0.88454,0.11367,0.37389
0.89596,0.10537,0.42591
0.90637,0.097715,0.48473
0.91588,0.09074,0.54933
0.92459,0.084464,0.61114
0.93261,0.078885,0.66219
0.94006,0.073983,0.70847
0.94705,0.06972,0.75323
0.95366,0.066051,0.78304
0.95995,0.06293,0.78494
0.966,0.060313,0.76156
0.97184,0.058159,0.72376
0.97753,0.056435,0.67815
0.9831,0.055114,0.62668
0.98857,0.054174,0.57197
0.99399,0.0536,0.51581
0.99938,0.053382,0.45816
0.047848,0.19503,0.014267
0.064984,0.19964,0.027746
0.082663,0.20575,0.039921
0.1011,0.21344,0.033595
0.1206,0.22279,0.020816
0.14152,0.23388,0.027271
0.16438,0.24668,0.035011
0.18976,0.26104,0.051227
0.21835,0.27654,0.054142
0.25074,0.29242,0.034078
0.28729,0.30761,0.018261
0.32791,0.32084,0
0.37202,0.33089,0
0.4186,0.33676,0
0.46639,0.33789,0
0.514,0.33409,0
0.56009,0.32561,0
0.60344,0.31308,0
0.64314,0.29748,0.033352
0.67873,0.28,0.04502
0.71019,0.26178,0.059754
0.73792,0.24373,0.076822
0.76245,0.22644,0.088955
0.78435,0.21021,0.10153
0.80412,0.19514,0.12584
0.82214,0.18119,0.16194
0.8387,0.16825,0.21104
0.85397,0.1562,0.26583
0.86808,0.14493,0.30727
0.88107,0.13435,0.34337
0.89295,0.12442,0.38676
0.90376,0.11515,0.43759
0.91352,0.10659,0.49082
0.92234,0.098815,0.54853
0.93035,0.091854,0.60681
0.93768,0.085709,0.65702
0.94448,0.080348,0.70069
0.95086,0.075716,0.73976
0.95691,0.071753,0.76481
0.96269,0.068397,0.76784
0.96827,0.065591,0.75063
0.97369,0.063288,0.71752
0.97898,0.061449,0.67207
0.98417,0.06004,0.61981
0.98929,0.059039,0.56594
0.99437,0.058427,0.51038
0.99942,0.058196,0.45191
0.044105,0.21003,0.027885
0.059832,0.21502,0.054012
0.076003,0.22168,0.075177
0.092822,0.23014,0.071541
0.11057,0.24058,0.063418
0.12966,0.25318,0.075564
0.15069,0.26808,0.081269
0.17445,0.28525,0.089626
0.20196,0.30434,0.078676
0.23425,0.32447,0.054873
0.27202,0.34416,0.039875
0.31533,0.36157,0
0.36337,0.37488,0
0.41474,0.38276,0
0.4677,0.38444,0
0.52046,0.37974,0
0.57121,0.36895,0
0.61833,0.35293,0
0.66055,0.33309,0.04193
0.69729,0.31118,0.060526
0.72876,0.28886,0.078427
0.75571,0.26733,0.096711
0.77908,0.24725,0.10483
0.7997,0.22882,0.11686
0.81823,0.21201,0.14715
0.83514,0.19664,0.17769
0.85073,0.18252,0.22012
0.8652,0.16941,0.26867
0.87862,0.15714,0.30669
0.891,0.14556,0.34106
0.90229,0.1346,0.38417
0.91245,0.12431,0.43043
0.92148,0.1148,0.47805
0.9295,0.10619,0.53453
0.93667,0.098543,0.59841
0.9432,0.091862,0.65668
0.94925,0.08609,0.70022
0.95495,0.081144,0.7257
0.96038,0.076939,0.73185
0.96561,0.073395,0.72511
0.97069,0.070442,0.7127
0.97565,0.068024,0.69165
0.98051,0.066096,0.65677
0.98531,0.06462,0.61046
0.99006,0.063572,0.55796
0.99477,0.062932,0.50065
0.99946,0.062689,0.44
0.054307,0.22899,0.08893
0.068803,0.23607,0.1099
0.083761,0.24515,0.14165
0.099425,0.25652,0.15583
0.11619,0.27051,0.14465
0.1347,0.2875,0.13203
0.15596,0.30776,0.142
0.18147,0.33118,0.11893
0.21298,0.35683,0.092482
0.25193,0.38267,0.073951
0.29862,0.40584,0
0.35186,0.42359,0
0.40951,0.4341,0
0.4692,0.43651,0
0.52863,0.43064,0
0.58549,0.41683,0
0.63749,0.3961,0
0.68273,0.37045,0.051913
0.72041,0.34264,0.075447
0.75118,0.31518,0.098006
0.77655,0.28965,0.11829
0.79803,0.26662,0.13097
0.81681,0.24604,0.14376
0.83371,0.22763,0.17479
0.84924,0.21105,0.19371
0.86371,0.19592,0.22743
0.8773,0.18193,0.27241
0.89004,0.16877,0.30301
0.90186,0.15624,0.33518
0.91261,0.14423,0.37529
0.92211,0.13282,0.41291
0.93031,0.12224,0.45427
0.93737,0.11273,0.5131
0.94355,0.1044,0.58527
0.94913,0.097238,0.65195
0.95432,0.091127,0.69479
0.95926,0.085942,0.70557
0.96402,0.081564,0.69035
0.96865,0.07789,0.6702
0.9732,0.074839,0.66034
0.97768,0.072345,0.65318
0.98211,0.070357,0.63342
0.98649,0.068838,0.59627
0.99084,0.067758,0.54581
0.99518,0.067098,0.48739
0.9995,0.066849,0.42641
0.048529,0.24143,0.13507
0.06122,0.24876,0.15121
0.074118,0.25823,0.20414
0.087374,0.27024,0.24221
0.10128,0.28529,0.20805
0.11641,0.30409,0.19047
0.13391,0.32745,0.21359
0.15583,0.35595,0.1781
0.18522,0.38891,0.11135
0.22504,0.42348,0.10215
0.27619,0.45486,0
0.33656,0.47861,0
0.40256,0.49242,0
0.47093,0.49569,0
0.53896,0.48841,0
0.60394,0.47074,0
0.66258,0.44357,0
0.71156,0.40964,0.060215
0.74953,0.37363,0.08885
0.77822,0.33973,0.12337
0.80064,0.30978,0.14348
0.81922,0.28386,0.16386
0.83549,0.26139,0.18727
0.85032,0.24171,0.21357
0.86421,0.22421,0.22586
0.87743,0.20837,0.23708
0.89011,0.19373,0.27239
0.90223,0.17989,0.30692
0.91364,0.1665,0.33313
0.92401,0.15338,0.36192
0.94014,0.12874,0.43149
0.94598,0.11823,0.49005
0.95092,0.10926,0.56174
0.95539,0.10171,0.6267
0.95961,0.095377,0.66553
0.96371,0.090055,0.66823
0.96776,0.08559,0.64202
0.97177,0.081858,0.61375
0.97577,0.078763,0.60457
0.97976,0.076236,0.607
0.98373,0.074222,0.59951
0.9877,0.072681,0.57056
0.99165,0.071586,0.52309
0.9956,0.070917,0.46664
0.99954,0.070664,0.40978
0.042652,0.25227,0.20558
0.053471,0.25963,0.24849
0.064185,0.26918,0.27241
0.074802,0.28138,0.2942
0.085396,0.29688,0.28915
0.096248,0.31676,0.30297
0.10824,0.34264,0.30488
0.12383,0.37658,0.25187
0.14826,0.41933,0.15966
0.18802,0.46705,0.12562
0.24572,0.51075,0
0.31655,0.54233,0
0.39369,0.55977,0
0.47294,0.56387,0
0.55182,0.55509,0
0.62774,0.53301,0
0.69619,0.49713,0
0.75027,0.45051,0.077369
0.7867,0.40244,0.10784
0.81048,0.36068,0.15133
0.82787,0.3264,0.17674
0.8423,0.29815,0.18922
0.85534,0.27438,0.20673
0.86771,0.25394,0.24953
0.87974,0.23597,0.28191
0.89161,0.21979,0.25606
0.90337,0.20485,0.26842
0.91499,0.19063,0.31706
0.92628,0.17659,0.33934
0.93669,0.16226,0.34878
0.95119,0.13402,0.41976
0.95533,0.12239,0.47048
0.95868,0.11291,0.52873
0.96183,0.10516,0.5804
0.96498,0.098766,0.6129
0.96821,0.093443,0.61596
0.97152,0.088996,0.59086
0.97491,0.085284,0.56069
0.97836,0.082207,0.54945
0.98185,0.079692,0.55464
0.98537,0.077685,0.55453
0.98891,0.076147,0.53306
0.99247,0.075052,0.49075
0.99603,0.074382,0.43897
0.99959,0.074128,0.38872
0.036851,0.2615,0.27092
0.045812,0.26864,0.35609
0.054343,0.27791,0.36819
0.062271,0.28974,0.40573
0.069359,0.30483,0.43466
0.075304,0.32441,0.46393
0.079916,0.35084,0.44766
0.084581,0.38902,0.39302
0.097782,0.4447,0.26643
0.13436,0.51409,0.14363
0.20392,0.5781,0
0.29166,0.61838,0
0.38323,0.6384,0
0.47524,0.64287,0
0.56695,0.63306,0
0.65742,0.60741,0
0.74238,0.56111,0
0.80569,0.49222,0.083205
0.83455,0.42478,0.11985
0.84774,0.37501,0.17842
0.85738,0.33791,0.23361
0.86646,0.30867,0.23927
0.87573,0.28459,0.23438
0.88536,0.2641,0.29366
0.8954,0.24621,0.31411
0.90585,0.23016,0.26263
0.91672,0.21537,0.25791
0.928,0.20122,0.30273
0.9396,0.18698,0.33802
0.95098,0.17155,0.35037
0.96383,0.13734,0.41903
0.96526,0.12468,0.45439
0.96658,0.11508,0.49266
0.96825,0.10747,0.52802
0.97029,0.10125,0.55616
0.97264,0.096093,0.56465
0.97522,0.09178,0.54541
0.97799,0.088173,0.51423
0.9809,0.085175,0.49664
0.98391,0.082717,0.49836
0.98699,0.080749,0.50262
0.99012,0.079237,0.49048
0.99327,0.078156,0.45708
0.99645,0.077494,0.41159
0.99963,0.077242,0.36671
0.031302,0.26916,0.3197
0.038513,0.27586,0.4339
0.045007,0.28449,0.4773
0.050447,0.29539,0.58309
0.054296,0.3091,0.63596
0.055602,0.32653,0.61382
0.052412,0.34958,0.56269
0.03974,0.38441,0.45455
0.027707,0.45753,0.29879
0.045694,0.56277,0.16571
0.14948,0.66982,0
0.2648,0.71117,0
0.37264,0.72982,0
0.47777,0.73369,0
0.58283,0.7241,0
0.69034,0.69899,0
0.80408,0.64919,0
0.89257,0.42991,0.14552
0.8871,0.37896,0.22166
0.88714,0.34301,0.28822
0.89042,0.31492,0.30023
0.89579,0.29179,0.31569
0.90267,0.2721,0.37443
0.91071,0.25488,0.33471
0.91975,0.23947,0.27718
0.92973,0.22531,0.26156
0.94071,0.21184,0.28152
0.9529,0.19831,0.31261
0.96679,0.18316,0.3463
0.97795,0.13665,0.41214
0.97508,0.12445,0.43361
0.97413,0.11562,0.45462
0.97435,0.10862,0.4795
0.97534,0.10286,0.50848
0.97686,0.098031,0.52413
0.97877,0.093967,0.51034
0.98096,0.090546,0.47711
0.98336,0.087685,0.45054
0.98591,0.085326,0.44463
0.98856,0.083427,0.45056
0.99129,0.08196,0.44869
0.99407,0.080905,0.42718
0.99687,0.080256,0.38959
0.99968,0.080009,0.34846
0.026164,0.27537,0.34488
0.031813,0.28144,0.47457
0.036544,0.28916,0.58116
0.03993,0.2987,0.71548
0.041288,0.3103,0.75865
0.03942,0.3242,0.66789
0.031906,0.34039,0.58273
0.013061,0.35629,0.4503
0.10957,0.7991,0
0.24354,0.82068,0
0.36414,0.83324,0
0.48033,0.8356,0
0.59679,0.82771,0
0.71834,0.80885,0
0.85487,0.77858,0
0.94238,0.4087,0.19064
0.92205,0.37176,0.29869
0.91429,0.34183,0.36045
0.91264,0.3171,0.39231
0.91461,0.29614,0.44814
0.919,0.27801,0.46556
0.92518,0.26203,0.40464
0.93285,0.24771,0.35615
0.94189,0.23464,0.31296
0.95241,0.22244,0.29702
0.96482,0.21068,0.29829
0.98041,0.19897,0.33489
0.98928,0.12998,0.39074
0.98336,0.12173,0.39942
0.98074,0.1147,0.40911
0.97982,0.10875,0.4304
0.97994,0.10367,0.46365
0.98076,0.099328,0.48669
0.98208,0.095611,0.4792
0.98375,0.092444,0.44724
0.98569,0.089769,0.41469
0.98782,0.087545,0.40017
0.99008,0.085739,0.40339
0.99244,0.084331,0.40787
0.99484,0.083311,0.39732
0.99728,0.082676,0.36887
0.99972,0.082433,0.33232
0.02155,0.2803,0.34571
0.025877,0.28563,0.51267
0.029197,0.29228,0.70033
0.031079,0.30026,0.81434
0.030895,0.30952,0.81947
0.027685,0.31975,0.68317
0.020062,0.32992,0.59673
0.097522,0.93068,0
0.2319,0.93898,0
0.35898,0.94534,0
0.48269,0.94616,0
0.6069,0.94057,0
0.73573,0.92916,0
0.87415,0.91553,0
0.96911,0.38035,0.2456
0.94772,0.35843,0.36299
0.93661,0.3363,0.43626
0.93194,0.31612,0.49577
0.93144,0.29812,0.54916
0.93384,0.2821,0.52218
0.93842,0.26778,0.53341
0.94481,0.2549,0.49048
0.95284,0.24324,0.40028
0.96258,0.23264,0.35032
0.97434,0.22306,0.31845
0.99476,0.12255,0.35766
0.98916,0.11789,0.35344
0.98599,0.11286,0.35597
0.98443,0.10813,0.37575
0.98396,0.10387,0.41113
0.98425,0.1001,0.43969
0.98509,0.096789,0.44104
0.98632,0.093925,0.41735
0.98786,0.091472,0.38627
0.98961,0.089408,0.36566
0.99152,0.087713,0.36165
0.99353,0.086374,0.36482
0.9956,0.085388,0.35994
0.99768,0.084762,0.33992
0.99976,0.084519,0.30999
0.017525,0.28416,0.36721
0.020784,0.2887,0.56974
0.023048,0.29425,0.74548
0.023949,0.3007,0.81909
0.023014,0.30782,0.81747
0.019671,0.31512,0.71772
0.0134,0.32157,0.62568
0.093681,1.0566,0
0.22677,1.0598,0
0.3566,1.0625,0
0.48465,1.0623,0
0.61324,1.0587,0
0.74486,1.0524,0
0.98259,0.35764,0.29926
0.96483,0.34452,0.41346
0.95369,0.32893,0.50933
0.94781,0.31324,0.59576
0.94586,0.29841,0.63855
0.94685,0.28475,0.64532
0.95015,0.27231,0.68576
0.95539,0.26106,0.61127
0.96237,0.25095,0.47503
0.97107,0.24201,0.40466
0.98161,0.23439,0.33959
0.99741,0.11691,0.31773
0.99292,0.11418,0.30624
0.9899,0.11071,0.30725
0.98815,0.10711,0.32368
0.98776,0.097592,0.39339
0.98865,0.095054,0.38146
0.98985,0.092845,0.35755
0.99128,0.090958,0.33475
0.99288,0.089385,0.32187
0.99458,0.088119,0.31726
0.99634,0.087159,0.31142
0.99809,0.086523,0.29684
0.010995,0.28415,0.22114
0.0141,0.28712,0.35618
0.01653,0.29091,0.57389
0.018045,0.29543,0.6695
0.018366,0.30053,0.70923
0.017186,0.30592,0.76145
0.014219,0.31111,0.72383
0.092295,1.1801,0
0.22475,1.1813,0
0.35583,1.1821,0
0.48615,1.1816,0
0.61696,1.1794,0
0.74951,1.176,0
0.9901,0.34064,0.35727
0.97612,0.3324,0.48903
0.9663,0.32147,0.60116
0.9604,0.30956,0.70702
0.95781,0.29767,0.75286
0.95792,0.28634,0.75832
0.96026,0.27582,0.73666
0.9645,0.26624,0.63081
0.97045,0.25769,0.51973
0.97801,0.2503,0.4414
0.98715,0.24428,0.33908
0.99534,0.11103,0.26425
0.99274,0.10864,0.26855
0.99105,0.10593,0.28189
0.99008,0.098112,0.34318
0.9907,0.095902,0.33864
0.99164,0.093943,0.32101
0.9928,0.092241,0.29862
0.99709,0.08866,0.25565
0.99855,0.087972,0.24292
0.0088366,0.28692,0.18843
0.011246,0.28939,0.29777
0.013048,0.29249,0.47518
0.014054,0.29611,0.55905
0.014065,0.30009,0.56834
0.012899,0.30414,0.61589
0.01044,0.30787,0.62808
0.091802,1.3026,0
0.22407,1.303,0
0.35579,1.3031,0
0.48726,1.3026,0
0.6191,1.3012,0
0.75193,1.2993,0
0.99459,0.32785,0.33382
0.98371,0.32248,0.46968
0.97552,0.31475,0.62233
0.97018,0.30579,0.76913
0.96749,0.29643,0.83545
0.96712,0.28723,0.80426
0.96876,0.27852,0.71148
0.97217,0.27054,0.56902
0.97716,0.26346,0.46424
0.98361,0.25745,0.39667
0.99139,0.25273,0.30931
0.99696,0.10848,0.22322
0.9948,0.1068,0.22691
0.99207,0.09843,0.29572
0.9925,0.096533,0.29038
0.99323,0.09482,0.27388
0.99418,0.093305,0.25297
0.99786,0.089946,0.20267
0.0070466,0.28909,0.20263
0.0089085,0.29111,0.27448
0.010244,0.29362,0.40386
0.010911,0.29649,0.50226
0.010775,0.29956,0.52476
0.0097358,0.30261,0.52017
0.091657,1.4248,0
0.22392,1.4249,0
0.356,1.4248,0
0.48804,1.4243,0
0.62036,1.4234,0
0.75324,1.4223,0
0.98892,0.31456,0.43617
0.98227,0.30904,0.58857
0.9777,0.30232,0.74645
0.97519,0.29504,0.85982
0.97461,0.28768,0.83103
0.97577,0.28061,0.68199
0.9785,0.27408,0.53892
0.98264,0.26831,0.42137
0.98805,0.2635,0.35166
0.9946,0.25985,0.29351
0.99805,0.10644,0.18322
0.9963,0.10525,0.18826
0.99375,0.098615,0.24975
0.99405,0.097007,0.2391
0.99462,0.095528,0.22076
0.99541,0.094196,0.20265
0.0055837,0.29079,0.26155
0.0070185,0.29242,0.29464
0.0080109,0.29442,0.39112
0.0084553,0.29668,0.46782
0.0082641,0.29905,0.47587
0.007385,0.30135,0.44397
0.091642,1.547,0
0.22398,1.547,0
0.35626,1.5468,0
0.48859,1.5464,0
0.62112,1.5458,0
0.75397,1.5452,0
0.99254,0.3083,0.40236
0.98723,0.30434,0.54834
0.98343,0.2993,0.65173
0.98124,0.29368,0.72828
0.98061,0.28788,0.71464
0.98145,0.28222,0.61426
0.98363,0.27697,0.53325
0.98704,0.27235,0.43749
0.99153,0.26856,0.33135
0.9988,0.10483,0.13679
0.9974,0.10397,0.14986
0.99515,0.098717,0.20373
0.99536,0.097369,0.18966
0.99583,0.096108,0.17134
0.003021,0.29115,0.25161
0.0044019,0.29211,0.34017
0.0055065,0.29342,0.36115
0.0062468,0.295,0.39473
0.0065459,0.29676,0.39069
0.0063469,0.29859,0.34325
0.091671,1.6692,0
0.22408,1.6691,0
0.3565,1.669,0
0.48897,1.6687,0
0.62159,1.6683,0
0.75439,1.6679,0
0.99506,0.30339,0.35769
0.99087,0.30054,0.50067
0.98779,0.29678,0.58887
0.98595,0.29247,0.61861
0.98598,0.28347,0.52636
0.98773,0.27931,0.47386
0.99051,0.27568,0.38685
0.99421,0.27275,0.27376
0.99931,0.10356,0.098668
0.99631,0.098774,0.16079
0.99647,0.097655,0.14801
0.99686,0.096594,0.13326
0.0023787,0.29237,0.3137
0.0034561,0.29314,0.40988
0.0043064,0.29417,0.4084
0.0048613,0.29542,0.39776
0.0050651,0.29679,0.35669
0.004881,0.2982,0.28296
0.091709,1.7915,0
0.22418,1.7914,0
0.35668,1.7913,0
0.48923,1.7911,0
0.62188,1.7908,0
0.99682,0.29957,0.30284
0.99354,0.29752,0.3896
0.99108,0.29473,0.45327
0.98958,0.29145,0.4794
0.98954,0.28446,0.4012
0.99094,0.28121,0.35547
0.9932,0.2784,0.30967
0.99621,0.27619,0.223
0.99966,0.10258,0.071516
0.99726,0.098808,0.1263
0.99739,0.097889,0.11792
0.99772,0.097011,0.10815
0.001866,0.29332,0.39623
0.0027049,0.29393,0.47611
0.0033596,0.29475,0.46094
0.0037776,0.29573,0.42558
0.0039183,0.29679,0.4073
0.091742,1.9138,0
0.22427,1.9137,0
0.35682,1.9136,0
0.48941,1.9135,0
0.62207,1.9133,0
0.99804,0.2966,0.21341
0.99549,0.29515,0.28606
0.99356,0.29308,0.30633
0.99235,0.29061,0.32174
0.99343,0.28274,0.26829
0.99524,0.2806,0.24439
0.99767,0.27897,0.18264
0.99803,0.09883,0.10352
0.99814,0.098088,0.099884
0.0014594,0.29406,0.5149
0.0021116,0.29455,0.56159
0.002616,0.29519,0.54805
0.0029323,0.29595,0.51273
0.0030309,0.29678,0.47838
0.091769,2.0361,0
0.22433,2.0361,0
0.35692,2.036,0
0.48953,2.0359,0
0.6222,2.0358,0
0.99886,0.29433,0.12239
0.9969,0.29331,0.19666
0.9954,0.29179,0.21467
0.99532,0.28397,0.18518
0.99677,0.28237,0.16489
0.9987,0.28119,0.12603
0.99875,0.098259,0.090811
0.0011388,0.29464,0.65997
0.0016452,0.29502,0.68258
0.002034,0.29553,0.69209
0.0022743,0.29612,0.60977
0.0023444,0.29677,0.51461
0.091789,2.1585,0
0.22438,2.1585,0
0.35699,2.1584,0
0.48962,2.1583,0
0.62228,2.1583,0
0.9994,0.29259,0.061441
0.99791,0.29189,0.10187
0.99676,0.29079,0.11951
0.99788,0.28377,0.097226
0.99921,0.098406,0.083686
0.00088695,0.2951,0.70897
0.0012798,0.29539,0.73063
0.0015797,0.29579,0.77841
0.001763,0.29625,0.68091
0.091804,2.2809,0
0.22441,2.2809,0
0.35704,2.2808,0
0.48967,2.2808,0
0.62233,2.2807,0
0.99863,0.29082,0.043153
0.99776,0.29003,0.058672
0.99867,0.28487,0.055944
0.99956,0.09853,0.071077
0.0006898,0.29545,0.7235
0.00099439,0.29568,0.73803
0.0012259,0.29599,0.77465
0.001366,0.29635,0.73111
0.091814,2.4033,0
0.22444,2.4033,0
0.35707,2.4033,0
0.48971,2.4032,0
0.99912,0.29001,0.036975
0.99848,0.28945,0.040915
0.99922,0.28572,0.029581
0.00053586,0.29572,0.68363
0.0007719,0.2959,0.7233
0.00095063,0.29614,0.73837
0.0010581,0.29642,0.70783
0.091821,2.5257,0
0.22445,2.5257,0
0.35709,2.5257,0
0.48974,2.5257,0
0.99946,0.28941,0.01928
0.99899,0.28903,0.019972
0.00041589,0.29593,0.60846
0.00059873,0.29607,0.66264
0.0007368,0.29626,0.62936
0.00081932,0.29647,0.56273
0.091826,2.6482,0
0.22447,2.6481,0
0.35711,2.6481,0
0.48976,2.6481,0
0.99969,0.28899,0.0043303
0.99935,0.28872,0.0075817
0.00032255,0.29609,0.55655
0.00046414,0.2962,0.60452
0.00057082,0.29635,0.51782
0.0006343,0.29652,0.46168
0.091829,2.7706,0
0.22447,2.7706,0
0.35712,2.7706,0
0.48977,2.7706,0
0.99983,0.28868,0.0009168
0.9996,0.28851,0.0029228
0.00025,0.29622,0.4938
0.00035962,0.29631,0.50731
0.00044206,0.29642,0.43509
0.00049095,0.29655,0.40248
0.091832,2.893,0
0.22448,2.893,0
0.35713,2.893,0
0.48978,2.893,0
0.99992,0.28847,0.00033561
0.99976,0.28836,0.0010042
0.00019367,0.29632,0.37297
0.00027851,0.29638,0.39057
0.00034223,0.29647,0.36869
0.00037992,0.29657,0.3625
0.091833,3.0155,0
0.22448,3.0155,0
0.35713,3.0155,0
0.48978,3.0155,0
0.62244,3.0155,0
0.99987,0.28827,0.00036766
0.00014995,0.29639,0.27062
0.00021559,0.29645,0.29248
0.00026484,0.29651,0.2862
0.00029391,0.29659,0.34643
0.091834,3.1379,0
0.22448,3.1379,0
0.35714,3.1379,0
0.48979,3.1379,0
0.62244,3.1379,0
0.00011603,0.29645,0.22911
0.0001668,0.29649,0.23314
0.00020486,0.29655,0.25279
0.00022728,0.29661,0.33025
0.091835,3.2604,0
0.22449,3.2604,0
0.35714,3.2604,0
0.48979,3.2604,0
0.62244,3.2604,0
0.00012895,0.29653,0.20845
0.00015835,0.29657,0.27052
0.00017565,0.29662,0.34277
0.0001795,0.29667,0.37966
0.091836,3.3828,0
0.22449,3.3828,0
0.35714,3.3828,0
0.48979,3.3828,0
0.62245,3.3828,0
9.9586e-005,0.29656,0.24481
0.00012227,0.29659,0.34848
0.00013561,0.29663,0.42425
0.00013856,0.29666,0.44197
0.091836,3.5053,0
0.22449,3.5053,0
0.35714,3.5053,0
0.48979,3.5053,0
0.62245,3.5053,0
7.6778e-005,0.29658,0.30117
9.4258e-005,0.2966,0.44966
0.00010453,0.29663,0.53597
0.00010679,0.29666,0.57724
0.00010085,0.29669,0.60651
0.091836,3.6277,0
0.22449,3.6277,0
0.35714,3.6277,0
0.48979,3.6277,0
0.62245,3.6277,0
5.9029e-005,0.2966,0.33949
7.2462e-005,0.29662,0.53726
8.0347e-005,0.29664,0.65377
8.2077e-005,0.29666,0.73422
7.7511e-005,0.29668,0.75613
0.091836,3.7502,0
0.22449,3.7502,0
0.35714,3.7502,0
0.48979,3.7502,0
0.62245,3.7502,0
5.5448e-005,0.29662,0.54291
6.1478e-005,0.29664,0.66514
6.2796e-005,0.29666,0.78442
5.9299e-005,0.29668,0.78907
5.1249e-005,0.29669,0.72168
0.22449,3.8726,0
0.35714,3.8726,0
0.4898,3.8726,0
0.62245,3.8726,0
4.2095e-005,0.29663,0.52292
4.667e-005,0.29664,0.66342
4.7669e-005,0.29666,0.74065
4.5011e-005,0.29667,0.71566
3.89e-005,0.29669,0.68277
0.22449,3.9951,0
0.35714,3.9951,0
0.4898,3.9951,0
3.1523e-005,0.29664,0.47681
3.4947e-005,0.29665,0.62666
3.5693e-005,0.29666,0.68422
3.3702e-005,0.29667,0.63714
2.9125e-005,0.29668,0.60071
2.2313e-005,0.29669,0.557
0.22449,4.1175,0
0.35714,4.1175,0
0.4898,4.1175,0
2.5534e-005,0.29665,0.47417
2.6078e-005,0.29666,0.58489
2.4623e-005,0.29667,0.5831
2.1279e-005,0.29668,0.52452
1.6302e-005,0.29668,0.47791
0.22449,4.24,0
0.35714,4.24,0
0.4898,4.24,0
1.8187e-005,0.29666,0.48308
1.7172e-005,0.29667,0.55122
1.484e-005,0.29667,0.47904
1.137e-005,0.29668,0.41215
7.0271e-006,0.29668,0.34909
0.22449,4.3624,0
0.35714,4.3624,0
9.3826e-006,0.29667,0.38002
7.1891e-006,0.29667,0.32426
4.4445e-006,0.29668,0.25919
0.22449,4.4849,0
0.35714,4.4849,0
2.1556e-006,0.29668,0.186
