1.5708,0.13833,0.020981
1.5708,0.27668,0.022573
1.5708,0.41508,0.024145
1.5708,0.55357,0.025428
1.5708,0.69218,0.026329
1.5708,0.83092,0.027012
1.5708,0.96985,0.027784
1.5708,1.109,0.028856
1.5708,1.2484,0.030221
1.5708,1.3881,0.031722
1.5708,1.528,0.033183
1.5708,1.6684,0.034447
1.5708,1.809,0.035314
1.5708,1.9501,0.035524
1.5708,2.0915,0.034889
1.5708,2.2333,0.033459
1.5708,2.3755,0.031565
1.5708,2.518,0.029689
1.5708,2.6609,0.028262
1.5708,2.8041,0.027539
1.5708,2.9477,0.027566
1.5708,3.0915,0.028195
1.5708,3.2355,0.029134
1.5708,3.3798,0.030036
1.5708,3.5243,0.030667
1.5708,3.669,0.031094
1.5708,3.8138,0.031751
1.5708,3.9588,0.033291
1.5708,4.104,0.036266
1.5708,4.2493,0.040832
1.5708,4.3946,0.046615
1.5708,4.5401,0.05281
1.5708,4.6857,0.058463
1.5708,4.8314,0.062817
1.5708,4.9772,0.065558
1.5708,5.123,0.066811
1.5708,5.269,0.066945
1.5708,5.415,0.066381
1.5708,5.5611,0.065533
1.5708,5.7073,0.064773
1.5708,5.8535,0.064308
1.5708,5.9999,0.064037
1.5708,6.1463,0.063562
1.5708,6.2927,0.062386
1.5708,6.4392,0.060149
1.5708,6.5858,0.056795
1.5708,6.7324,0.052587
1.5708,6.879,0.048032
1.5708,7.0256,0.043695
1.4325,0.13831,0.023637
1.4324,0.27665,0.025513
1.4324,0.41504,0.027248
1.4323,0.55352,0.028521
1.4321,0.6921,0.029233
1.432,0.83083,0.029625
1.4318,0.96974,0.03013
1.4315,1.1089,0.031098
1.4313,1.2482,0.032621
1.431,1.3879,0.034558
1.4307,1.5279,0.036645
1.4303,1.6682,0.038545
1.4299,1.8088,0.039849
1.4296,1.9499,0.040165
1.4292,2.0913,0.039313
1.4288,2.2331,0.03747
1.4284,2.3753,0.035114
1.4281,2.5179,0.032806
1.4277,2.6608,0.030976
1.4274,2.804,0.029863
1.4271,2.9475,0.029534
1.4269,3.0913,0.029904
1.4266,3.2354,0.030733
1.4264,3.3797,0.031675
1.4262,3.5242,0.032451
1.426,3.6689,0.033067
1.4259,3.8138,0.033913
1.4257,3.9588,0.035627
1.4256,4.1039,0.038779
1.4255,4.2492,0.043555
1.4254,4.3946,0.04962
1.4253,4.5401,0.056191
1.4252,4.6857,0.062308
1.4251,4.8314,0.067193
1.425,4.9771,0.070495
1.4249,5.123,0.072272
1.4248,5.2689,0.072799
1.4247,5.415,0.072421
1.4247,5.5611,0.071531
1.4246,5.7073,0.070547
1.4245,5.8535,0.069737
1.4244,5.9998,0.069043
1.4244,6.1462,0.068092
1.4243,6.2927,0.066435
1.4243,6.4392,0.063799
1.4242,6.5858,0.060199
1.4242,6.7324,0.055879
1.4242,6.879,0.051214
1.4242,7.0256,0.046615
1.2942,0.13827,0.026632
1.2941,0.27657,0.02878
1.294,0.41492,0.030665
1.2938,0.55335,0.031931
1.2935,0.69189,0.032486
1.2932,0.83056,0.032626
1.2928,0.96942,0.032875
1.2923,1.1085,0.033692
1.2918,1.2478,0.03525
1.2912,1.3874,0.037429
1.2905,1.5274,0.039905
1.2898,1.6676,0.042214
1.2891,1.8083,0.043811
1.2883,1.9493,0.044223
1.2876,2.0907,0.043282
1.2868,2.2326,0.041237
1.2861,2.3748,0.038632
1.2853,2.5173,0.036045
1.2847,2.6603,0.033891
1.284,2.8035,0.032409
1.2834,2.9471,0.031707
1.2829,3.0909,0.031773
1.2824,3.2351,0.032427
1.282,3.3794,0.033352
1.2816,3.5239,0.034244
1.2812,3.6686,0.035044
1.2809,3.8135,0.036048
1.2806,3.9586,0.037815
1.2804,4.1037,0.040902
1.2801,4.249,0.04557
1.2799,4.3944,0.051605
1.2797,4.5399,0.058327
1.2795,4.6855,0.064825
1.2793,4.8312,0.0703
1.2792,4.977,0.074326
1.279,5.1229,0.076835
1.2788,5.2688,0.077949
1.2787,5.4149,0.07789
1.2785,5.561,0.077009
1.2784,5.7071,0.075762
1.2782,5.8534,0.074489
1.2781,5.9997,0.073207
1.2779,6.1461,0.071634
1.2778,6.2926,0.069451
1.2777,6.4391,0.066527
1.2776,6.5857,0.062941
1.2776,6.7323,0.058839
1.2775,6.8789,0.054355
1.2775,7.0256,0.049645
1.1559,0.13821,0.029882
1.1558,0.27644,0.032238
1.1556,0.41472,0.03423
1.1553,0.55307,0.03552
1.1549,0.69153,0.036045
1.1545,0.83012,0.036118
1.1539,0.96889,0.036281
1.1532,1.1079,0.037017
1.1524,1.2471,0.038533
1.1515,1.3866,0.040725
1.1505,1.5265,0.043255
1.1494,1.6667,0.045619
1.1483,1.8073,0.047236
1.1471,1.9484,0.04763
1.1459,2.0898,0.046652
1.1448,2.2316,0.044567
1.1436,2.3739,0.041908
1.1426,2.5165,0.039216
1.1415,2.6595,0.036882
1.1406,2.8028,0.035151
1.1397,2.9464,0.034167
1.1389,3.0903,0.033967
1.1382,3.2345,0.034429
1.1375,3.3789,0.035287
1.1369,3.5235,0.036254
1.1364,3.6682,0.037207
1.1359,3.8132,0.038309
1.1355,3.9582,0.039982
1.1351,4.1034,0.042745
1.1348,4.2487,0.046972
1.1344,4.3942,0.052643
1.1341,4.5397,0.059255
1.1339,4.6853,0.065976
1.1336,4.831,0.071986
1.1333,4.9768,0.076749
1.1331,5.1227,0.080035
1.1328,5.2686,0.081792
1.1326,5.4147,0.082115
1.1324,5.5608,0.081312
1.1321,5.707,0.07986
1.1319,5.8532,0.078156
1.1317,5.9996,0.076294
1.1315,6.146,0.074125
1.1313,6.2925,0.07151
1.1312,6.439,0.068491
1.131,6.5856,0.065188
1.1309,6.7323,0.061593
1.1309,6.8789,0.057526
1.1309,7.0256,0.052853
1.0177,0.13812,0.033337
1.0176,0.27627,0.035848
1.0173,0.41445,0.037917
1.017,0.55269,0.039282
1.0165,0.69103,0.039932
1.0159,0.8295,0.040166
1.0151,0.96813,0.040468
1.0141,1.107,0.041263
1.013,1.2461,0.042729
1.0118,1.3855,0.044769
1.0105,1.5253,0.047058
1.009,1.6654,0.049122
1.0075,1.806,0.050435
1.0059,1.947,0.050593
1.0043,2.0884,0.049498
1.0027,2.2303,0.047412
1.0012,2.3725,0.044814
0.99972,2.5152,0.04218
0.99834,2.6583,0.039861
0.99706,2.8017,0.038081
0.99589,2.9454,0.036978
0.99482,3.0894,0.036603
0.99386,3.2337,0.036883
0.99299,3.3781,0.03764
0.99222,3.5228,0.038646
0.99152,3.6676,0.039735
0.9909,3.8126,0.040904
0.99035,3.9578,0.042395
0.98984,4.103,0.044668
0.98938,4.2484,0.048213
0.98896,4.3938,0.053239
0.98857,4.5394,0.059449
0.9882,4.685,0.066116
0.98784,4.8307,0.072401
0.9875,4.9765,0.077662
0.98717,5.1224,0.081521
0.98684,5.2683,0.08379
0.98652,5.4144,0.084481
0.98621,5.5605,0.083871
0.9859,5.7067,0.082424
0.9856,5.853,0.08053
0.98531,5.9993,0.078321
0.98504,6.1458,0.075763
0.9848,6.2923,0.072913
0.98458,6.4388,0.069986
0.98441,6.5855,0.067137
0.98428,6.7322,0.064185
0.98419,6.8789,0.06064
0.98417,7.0256,0.056095
0.87966,0.13802,0.036983
0.87949,0.27605,0.039649
0.8792,0.41411,0.041808
0.87876,0.55222,0.0433
0.87817,0.69041,0.044181
0.87739,0.82871,0.044724
0.87642,0.96717,0.045318
0.87524,1.1058,0.04629
0.87387,1.2448,0.047764
0.87231,1.384,0.049622
0.87057,1.5237,0.051548
0.8687,1.6637,0.053111
0.86673,1.8042,0.053876
0.86469,1.9452,0.053563
0.86264,2.0866,0.052173
0.86062,2.2285,0.049999
0.85866,2.3708,0.047484
0.85679,2.5136,0.045033
0.85505,2.6568,0.042922
0.85343,2.8003,0.041301
0.85196,2.9442,0.040238
0.85063,3.0883,0.039758
0.84944,3.2327,0.039851
0.84837,3.3772,0.040466
0.84742,3.522,0.041482
0.84657,3.6669,0.042702
0.84581,3.812,0.043952
0.84513,3.9572,0.045269
0.84452,4.1025,0.047027
0.84396,4.2479,0.049805
0.84344,4.3934,0.054014
0.84296,4.5389,0.059556
0.84251,4.6846,0.065809
0.84208,4.8303,0.071942
0.84166,4.9761,0.077248
0.84125,5.122,0.081269
0.84084,5.268,0.083771
0.84044,5.414,0.084756
0.84005,5.5601,0.084487
0.83966,5.7063,0.083365
0.83927,5.8526,0.081682
0.8389,5.999,0.079514
0.83855,6.1455,0.07689
0.83823,6.292,0.074024
0.83795,6.4386,0.071293
0.83772,6.5853,0.068893
0.83755,6.732,0.066516
0.83744,6.8788,0.063429
0.83741,7.0256,0.059028
0.7417,0.13791,0.040779
0.74151,0.27581,0.043649
0.74119,0.41373,0.045947
0.74071,0.55167,0.047599
0.74003,0.68967,0.048718
0.73912,0.82776,0.049559
0.73797,0.96599,0.050442
0.73656,1.1044,0.051622
0.73488,1.2431,0.05318
0.73296,1.3822,0.054967
0.73082,1.5216,0.056636
0.72849,1.6616,0.05775
0.72604,1.8019,0.057931
0.72351,1.9429,0.057023
0.72096,2.0843,0.055172
0.71845,2.2263,0.052767
0.71604,2.3687,0.050273
0.71375,2.5116,0.048047
0.71162,2.6549,0.046261
0.70966,2.7986,0.044921
0.70789,2.9426,0.043967
0.70631,3.0869,0.043376
0.70489,3.2314,0.043225
0.70363,3.3761,0.043637
0.70251,3.521,0.044625
0.70152,3.666,0.045975
0.70064,3.8112,0.047342
0.69985,3.9565,0.048561
0.69914,4.1018,0.049897
0.69849,4.2473,0.051973
0.69789,4.3928,0.055335
0.69733,4.5384,0.060032
0.69681,4.6841,0.065546
0.6963,4.8299,0.071082
0.69581,4.9757,0.075934
0.69532,5.1216,0.079652
0.69484,5.2675,0.082056
0.69436,5.4136,0.083219
0.69388,5.5597,0.083407
0.69341,5.7059,0.08291
0.69293,5.8522,0.081838
0.69248,5.9986,0.08012
0.69204,6.1451,0.07776
0.69163,6.2917,0.075061
0.69128,6.4383,0.072527
0.69098,6.5851,0.070419
0.69076,6.7319,0.068377
0.69062,6.8787,0.065554
0.69058,7.0256,0.061251
0.60385,0.13779,0.044584
0.60368,0.27557,0.047711
0.60335,0.41332,0.050202
0.60285,0.55107,0.052019
0.60211,0.68884,0.053296
0.6011,0.82666,0.054287
0.59979,0.96461,0.0553
0.59814,1.1028,0.056597
0.59615,1.2412,0.058273
0.59384,1.38,0.060163
0.59125,1.5192,0.061848
0.58842,1.6589,0.062802
0.58543,1.7992,0.062614
0.58234,1.94,0.061192
0.57924,2.0815,0.058825
0.5762,2.2235,0.056059
0.57328,2.3661,0.053458
0.57054,2.5092,0.051382
0.56801,2.6527,0.049892
0.56571,2.7966,0.048815
0.56364,2.9408,0.047921
0.56181,3.0853,0.047142
0.56018,3.23,0.046663
0.55875,3.3749,0.046807
0.55749,3.5199,0.047728
0.55637,3.6651,0.049196
0.55538,3.8103,0.050713
0.55449,3.9557,0.051928
0.55369,4.1011,0.052999
0.55297,4.2466,0.054535
0.5523,4.3922,0.05714
0.55168,4.5379,0.060952
0.55108,4.6836,0.065539
0.55051,4.8293,0.070176
0.54995,4.9752,0.07421
0.54939,5.121,0.077268
0.54883,5.267,0.079295
0.54828,5.4131,0.080487
0.54772,5.5592,0.081134
0.54715,5.7054,0.081398
0.54659,5.8517,0.081167
0.54603,5.9981,0.080172
0.54549,6.1446,0.078319
0.54499,6.2912,0.075919
0.54454,6.438,0.073541
0.54417,6.5848,0.071513
0.54389,6.7317,0.06952
0.54371,6.8786,0.06673
0.54365,7.0256,0.062473
0.46612,0.13769,0.048141
0.46598,0.27534,0.051541
0.4657,0.41293,0.054261
0.46522,0.55046,0.056236
0.46447,0.68795,0.05757
0.4634,0.82545,0.058516
0.46194,0.96303,0.059426
0.46005,1.1008,0.060651
0.45774,1.2388,0.062382
0.45501,1.3773,0.064487
0.45191,1.5162,0.066472
0.44852,1.6557,0.067654
0.44491,1.7958,0.067474
0.44119,1.9366,0.065794
0.43746,2.0781,0.062991
0.43382,2.2203,0.059791
0.43035,2.363,0.056926
0.42712,2.5063,0.054824
0.42417,2.6501,0.05347
0.42152,2.7942,0.052517
0.41916,2.9387,0.051571
0.4171,3.0835,0.050522
0.41529,3.2284,0.049669
0.4137,3.3735,0.049521
0.41231,3.5186,0.050353
0.41109,3.6639,0.051918
0.41001,3.8093,0.05359
0.40904,3.9548,0.054878
0.40818,4.1003,0.05584
0.40739,4.2459,0.057034
0.40667,4.3915,0.059051
0.40599,4.5372,0.062065
0.40534,4.6829,0.065716
0.4047,4.8287,0.069366
0.40408,4.9746,0.072443
0.40346,5.1205,0.074678
0.40283,5.2664,0.076158
0.4022,5.4125,0.077216
0.40155,5.5586,0.07818
0.4009,5.7048,0.079103
0.40023,5.8511,0.079681
0.39956,5.9975,0.079459
0.39891,6.144,0.078213
0.39829,6.2907,0.076188
0.39773,6.4375,0.073944
0.39726,6.5844,0.071857
0.3969,6.7314,0.069712
0.39668,6.8785,0.066812
0.39661,7.0256,0.062608
0.32849,0.13762,0.051171
0.32842,0.27517,0.054802
0.32824,0.4126,0.057766
0.32785,0.5499,0.059913
0.32716,0.68706,0.061262
0.32608,0.82416,0.062034
0.32451,0.96128,0.062643
0.32241,1.0986,0.063583
0.31975,1.2361,0.06521
0.31655,1.3741,0.067494
0.31288,1.5126,0.069906
0.30882,1.6518,0.071588
0.3045,1.7918,0.071753
0.30004,1.9325,0.070105
0.29558,2.0741,0.067025
0.29126,2.2164,0.063393
0.28717,2.3594,0.060144
0.28341,2.503,0.057827
0.28002,2.6471,0.056412
0.27702,2.7916,0.055424
0.2744,2.9364,0.054342
0.27213,3.0814,0.053019
0.27016,3.2266,0.051841
0.26846,3.3719,0.051445
0.26698,3.5173,0.052185
0.26567,3.6628,0.053795
0.26452,3.8083,0.055577
0.2635,3.9539,0.056961
0.26258,4.0995,0.057936
0.26175,4.2451,0.058982
0.26099,4.3908,0.060629
0.26027,4.5365,0.063034
0.25958,4.6823,0.065895
0.25889,4.8281,0.068659
0.25821,4.9739,0.07084
0.25753,5.1198,0.072262
0.25683,5.2658,0.073137
0.25613,5.4118,0.073911
0.2554,5.5579,0.074953
0.25465,5.7041,0.076251
0.25387,5.8504,0.077379
0.25308,5.9968,0.077763
0.25229,6.1433,0.07707
0.25152,6.29,0.075442
0.25083,6.4369,0.073357
0.25024,6.5839,0.071197
0.24979,6.7311,0.068861
0.24951,6.8783,0.065847
0.24941,7.0256,0.061782
0.19091,0.13763,0.053516
0.19097,0.27513,0.05728
0.19097,0.41243,0.060477
0.19079,0.54946,0.062845
0.19026,0.68624,0.064263
0.18925,0.82285,0.064874
0.18763,0.95939,0.065123
0.18532,1.096,0.065643
0.1823,1.233,0.066979
0.17858,1.3703,0.069254
0.17424,1.5084,0.07197
0.1694,1.6472,0.074142
0.16423,1.7869,0.074752
0.15889,1.9276,0.073294
0.15357,2.0692,0.070085
0.14846,2.2118,0.066103
0.14367,2.3551,0.062461
0.13933,2.4991,0.059846
0.13548,2.6437,0.058257
0.13214,2.7886,0.057161
0.12928,2.9339,0.05596
0.12685,3.0793,0.054474
0.12478,3.2247,0.053113
0.123,3.3703,0.052557
0.12146,3.5159,0.053182
0.1201,3.6615,0.054723
0.11891,3.8072,0.056487
0.11784,3.9529,0.057915
0.1169,4.0986,0.058967
0.11605,4.2443,0.060041
0.11527,4.3901,0.061558
0.11453,4.5358,0.063619
0.11381,4.6816,0.065943
0.11308,4.8274,0.068044
0.11235,4.9732,0.06951
0.1116,5.1191,0.070241
0.11085,5.265,0.070537
0.11008,5.411,0.070928
0.10928,5.5571,0.071809
0.10844,5.7033,0.073146
0.10754,5.8495,0.074473
0.1066,5.9959,0.075183
0.10564,6.1425,0.074891
0.10469,6.2892,0.07363
0.10382,6.4362,0.071756
0.10308,6.5833,0.069601
0.1025,6.7307,0.067159
0.10214,6.8781,0.064125
0.10202,7.0256,0.060307
0.053283,0.13776,0.055219
0.05357,0.27531,0.058972
0.053896,0.41252,0.062357
0.054061,0.54928,0.064999
0.053843,0.68561,0.066615
0.053028,0.8216,0.067219
0.051441,0.9574,0.067226
0.048965,1.0932,0.067348
0.045554,1.2293,0.068278
0.041235,1.366,0.070293
0.036105,1.5034,0.072987
0.030328,1.6417,0.075344
0.024115,1.7811,0.076201
0.017711,1.9217,0.074885
0.011365,2.0635,0.071624
0.0053079,2.2064,0.06743
-0.00027388,2.3502,0.063524
-0.0052536,2.4948,0.060689
-0.0095701,2.6399,0.058965
-0.013224,2.7854,0.057814
-0.016268,2.9312,0.056613
-0.018789,3.077,0.055151
-0.020894,3.2228,0.053788
-0.022684,3.3686,0.05315
-0.024242,3.5144,0.053585
-0.025621,3.6602,0.054865
-0.026847,3.806,0.056402
-0.02793,3.9519,0.057741
-0.02888,4.0977,0.058869
-0.029721,4.2435,0.060095
-0.030487,4.3893,0.061707
-0.031222,4.5351,0.063707
-0.031961,4.6808,0.065792
-0.032723,4.8266,0.067511
-0.033508,4.9724,0.068504
-0.034307,5.1183,0.068725
-0.035115,5.2642,0.068535
-0.035937,5.4102,0.068514
-0.036798,5.5562,0.069078
-0.037728,5.7023,0.070199
-0.038748,5.8485,0.071433
-0.039859,5.9948,0.072214
-0.041029,6.1414,0.07216
-0.042204,6.2882,0.071219
-0.043308,6.4353,0.069607
-0.044263,6.5826,0.067565
-0.045001,6.7301,0.065132
-0.045466,6.8778,0.062162
-0.045625,7.0256,0.058618
-0.084532,0.13809,0.056438
-0.083877,0.27586,0.060032
-0.083025,0.41306,0.063522
-0.082277,0.54956,0.066459
-0.081969,0.68534,0.068404
-0.082409,0.82054,0.069221
-0.083847,0.95538,0.069234
-0.086445,1.0902,0.06914
-0.09027,1.2252,0.069686
-0.09529,1.3608,0.071258
-0.10137,1.4974,0.073568
-0.10831,1.6351,0.075674
-0.1158,1.7742,0.076409
-0.12353,1.9147,0.075035
-0.13114,2.0567,0.071723
-0.13832,2.2,0.067468
-0.14483,2.3445,0.063503
-0.15051,2.4898,0.060632
-0.15529,2.6357,0.058915
-0.15921,2.782,0.05784
-0.16234,2.9284,0.0568
-0.16484,3.0747,0.055543
-0.16688,3.2209,0.054326
-0.1686,3.367,0.053643
-0.17012,3.513,0.053781
-0.1715,3.6589,0.05459
-0.17274,3.8049,0.055666
-0.17384,3.9508,0.056741
-0.17477,4.0968,0.057865
-0.17557,4.2427,0.059274
-0.17628,4.3886,0.061108
-0.17697,4.5344,0.063251
-0.1777,4.6801,0.065354
-0.1785,4.8258,0.06697
-0.17935,4.9716,0.067754
-0.18021,5.1175,0.067687
-0.18107,5.2634,0.067158
-0.18192,5.4094,0.066775
-0.18281,5.5553,0.066976
-0.1838,5.7013,0.067763
-0.18494,5.8474,0.068754
-0.18625,5.9936,0.069467
-0.18769,6.1401,0.069559
-0.18917,6.2869,0.068917
-0.19059,6.4341,0.067614
-0.19182,6.5816,0.065775
-0.19278,6.7294,0.063427
-0.19338,6.8775,0.060523
-0.19359,7.0256,0.057136
-0.22278,0.13876,0.057317
-0.22154,0.277,0.060666
-0.21984,0.41434,0.064179
-0.21817,0.55056,0.067379
-0.21702,0.68567,0.069719
-0.21683,0.81986,0.070926
-0.21796,0.95344,0.071201
-0.22061,1.0868,0.071147
-0.22488,1.2204,0.071466
-0.23073,1.3547,0.072569
-0.23799,1.4902,0.074277
-0.24637,1.6271,0.075797
-0.25549,1.7657,0.076078
-0.26489,1.9062,0.074438
-0.27408,2.0485,0.071033
-0.28265,2.1926,0.066814
-0.29024,2.3379,0.062955
-0.29668,2.4843,0.060214
-0.3019,2.6313,0.058639
-0.30597,2.7785,0.057755
-0.30905,2.9256,0.056984
-0.31137,3.0726,0.056041
-0.31317,3.2192,0.055047
-0.31471,3.3654,0.05433
-0.31613,3.5115,0.0541
-0.3175,3.6576,0.054303
-0.31879,3.8037,0.054761
-0.31991,3.9498,0.055418
-0.32081,4.096,0.056413
-0.3215,4.2421,0.057917
-0.32208,4.388,0.059942
-0.32267,4.5337,0.062272
-0.32337,4.6793,0.064519
-0.32423,4.8249,0.066228
-0.32518,4.9707,0.067042
-0.32614,5.1166,0.066919
-0.32703,5.2626,0.066234
-0.32786,5.4085,0.065601
-0.32871,5.5544,0.065482
-0.3297,5.7002,0.065931
-0.33095,5.846,0.066659
-0.33251,5.9921,0.067283
-0.3343,6.1384,0.067511
-0.33621,6.2852,0.067182
-0.33805,6.4325,0.066238
-0.33966,6.5803,0.064663
-0.34091,6.7285,0.062426
-0.3417,6.877,0.059511
-0.34197,7.0256,0.056058
-0.36186,0.13996,0.057933
-0.35967,0.27909,0.061095
-0.35665,0.41677,0.064615
-0.35354,0.55271,0.068021
-0.35109,0.68695,0.070719
-0.34993,0.8198,0.07236
-0.35051,0.95171,0.07304
-0.35314,1.0832,0.073235
-0.3579,1.215,0.073528
-0.36475,1.3475,0.07428
-0.37347,1.4815,0.075379
-0.38369,1.6173,0.076199
-0.3949,1.7553,0.075876
-0.40645,1.8958,0.07385
-0.41768,2.0387,0.070307
-0.42796,2.1837,0.066142
-0.43684,2.3304,0.062442
-0.44408,2.4782,0.059882
-0.44967,2.6265,0.058491
-0.45374,2.775,0.057822
-0.45653,2.9231,0.057338
-0.45839,3.0707,0.056722
-0.45973,3.2177,0.055966
-0.4609,3.3641,0.055232
-0.46217,3.5102,0.054655
-0.46358,3.6562,0.054267
-0.465,3.8024,0.054094
-0.46622,3.9488,0.054274
-0.46707,4.0953,0.055022
-0.46756,4.2416,0.056462
-0.46787,4.3875,0.058516
-0.46824,4.5331,0.060911
-0.46888,4.6785,0.06326
-0.46984,4.824,0.065117
-0.471,4.9696,0.066099
-0.47214,5.1156,0.066103
-0.47308,5.2617,0.065442
-0.4738,5.4078,0.064695
-0.47447,5.5536,0.064345
-0.47534,5.6991,0.064516
-0.47665,5.8446,0.065023
-0.4785,5.9902,0.065586
-0.4808,6.1363,0.065962
-0.48331,6.283,0.065953
-0.48575,6.4305,0.065383
-0.48788,6.5787,0.064093
-0.48951,6.7273,0.061957
-0.49054,6.8764,0.05894
-0.4909,7.0256,0.055213
-0.50238,0.14203,0.058368
-0.49865,0.28268,0.061566
-0.49354,0.42099,0.065185
-0.48823,0.55659,0.068759
-0.48384,0.68966,0.071702
-0.48124,0.82068,0.073665
-0.48101,0.95036,0.074711
-0.48349,1.0794,0.075213
-0.4888,1.2087,0.075608
-0.49687,1.339,0.07615
-0.50743,1.4709,0.076744
-0.52001,1.6052,0.076911
-0.53394,1.7425,0.075989
-0.54835,1.883,0.073568
-0.56225,2.0267,0.069874
-0.57472,2.1732,0.065744
-0.5851,2.3217,0.062166
-0.59316,2.4715,0.059743
-0.59898,2.6217,0.058487
-0.6028,2.7718,0.057984
-0.60496,2.9212,0.057732
-0.60595,3.0696,0.057392
-0.60641,3.2169,0.056849
-0.60698,3.3631,0.056137
-0.60804,3.5088,0.055325
-0.60964,3.6546,0.054503
-0.61143,3.8009,0.053836
-0.61292,3.9477,0.053594
-0.61373,4.0947,0.054041
-0.61382,4.2414,0.055277
-0.61357,4.3875,0.057173
-0.61351,4.5328,0.059446
-0.61404,4.6777,0.061739
-0.61525,4.8227,0.063647
-0.61685,4.9682,0.064781
-0.61836,5.1144,0.06497
-0.61938,5.2609,0.064436
-0.61982,5.4073,0.063693
-0.62001,5.5531,0.063218
-0.62051,5.6982,0.063194
-0.62178,5.8429,0.063535
-0.62402,5.9878,0.064052
-0.62707,6.1334,0.064544
-0.63049,6.2801,0.064785
-0.63378,6.4278,0.064508
-0.63659,6.5765,0.063438
-0.63873,6.7258,0.061358
-0.64007,6.8756,0.058194
-0.64054,7.0256,0.054124
-0.64538,0.14557,0.058743
-0.63906,0.28873,0.062293
-0.63059,0.428,0.066191
-0.62195,0.56307,0.069934
-0.61476,0.69442,0.072975
-0.61014,0.82293,0.075044
-0.60876,0.94961,0.076256
-0.61098,1.0755,0.076941
-0.61692,1.2015,0.077406
-0.62646,1.3287,0.077771
-0.63932,1.458,0.077916
-0.65494,1.5902,0.077486
-0.67249,1.7263,0.07602
-0.69077,1.8668,0.073265
-0.70831,2.0118,0.069474
-0.72363,2.1606,0.065404
-0.73575,2.3119,0.061933
-0.7445,2.4644,0.059601
-0.7503,2.6171,0.058422
-0.75355,2.7693,0.058023
-0.75458,2.9204,0.057934
-0.75402,3.0698,0.057794
-0.75295,3.2171,0.057421
-0.75248,3.3626,0.05677
-0.75332,3.5074,0.055874
-0.75546,3.6525,0.054845
-0.75818,3.7988,0.053906
-0.76038,3.9463,0.053379
-0.76116,4.0945,0.053551
-0.76046,4.2421,0.054521
-0.75907,4.3882,0.056151
-0.75814,4.5328,0.058165
-0.75847,4.6767,0.060238
-0.76021,4.8209,0.062013
-0.76279,4.9662,0.063129
-0.76515,5.1129,0.063398
-0.76633,5.2604,0.062972
-0.76612,5.4075,0.062284
-0.76524,5.5533,0.061773
-0.76484,5.6976,0.061649
-0.76588,5.841,0.061886
-0.7687,5.9847,0.062351
-0.77296,6.1294,0.062867
-0.77781,6.276,0.063191
-0.78233,6.4242,0.063008
-0.78599,6.5736,0.061989
-0.78872,6.7238,0.059875
-0.7905,6.8745,0.056582
-0.79113,7.0256,0.052279
-0.79251,0.1517,0.059146
-0.78165,0.29886,0.063306
-0.76775,0.43935,0.067639
-0.75414,0.57333,0.071559
-0.74305,0.70205,0.074556
-0.73574,0.82702,0.076489
-0.73287,0.94966,0.077593
-0.73473,1.0713,0.078222
-0.74138,1.1931,0.078585
-0.75271,1.3163,0.07867
-0.7684,1.442,0.078317
-0.78789,1.5714,0.077285
-0.81024,1.7057,0.075322
-0.83392,1.8461,0.072335
-0.85669,1.9929,0.068584
-0.87591,2.1453,0.064704
-0.88985,2.3011,0.061428
-0.89878,2.4573,0.059225
-0.90415,2.6129,0.058124
-0.90659,2.7678,0.057801
-0.90588,2.9214,0.057811
-0.90262,3.0721,0.057784
-0.89879,3.2191,0.057513
-0.89656,3.363,0.056937
-0.89719,3.5056,0.056088
-0.90062,3.6491,0.055069
-0.90548,3.7952,0.054081
-0.90941,3.9443,0.053421
-0.91026,4.0949,0.053381
-0.90783,4.2443,0.054093
-0.90405,4.3905,0.055448
-0.90137,4.5337,0.057171
-0.90136,4.6754,0.058931
-0.90426,4.8178,0.06039
-0.90896,4.9625,0.06125
-0.91325,5.1104,0.061372
-0.91485,5.2602,0.060906
-0.91318,5.4091,0.060235
-0.90994,5.5551,0.059743
-0.90763,5.698,0.059615
-0.90807,5.839,0.059826
-0.91184,5.9803,0.060246
-0.91824,6.1236,0.060688
-0.92555,6.2702,0.060895
-0.93183,6.4195,0.060554
-0.93634,6.5701,0.059359
-0.93962,6.7212,0.057102
-0.94207,6.873,0.053741
-0.94305,7.0256,0.049445
-0.94666,0.16288,0.059488
-0.92715,0.31608,0.064311
-0.90439,0.45736,0.069095
-0.88366,0.58887,0.073141
-0.86746,0.71342,0.075969
-0.85684,0.8334,0.077575
-0.8522,0.95072,0.078343
-0.85365,1.0669,0.078688
-0.86115,1.1834,0.078756
-0.87455,1.3014,0.078427
-0.89361,1.4223,0.077507
-0.91788,1.5476,0.075874
-0.94652,1.6791,0.07349
-0.97788,1.8186,0.070419
-1.0087,1.968,0.06691
-1.0339,2.1268,0.063431
-1.0492,2.29,0.060528
-1.0564,2.4511,0.058576
-1.0607,2.6092,0.057611
-1.0629,2.7673,0.057355
-1.06,2.9253,0.05739
-1.0518,3.0785,0.057357
-1.0429,3.2244,0.057079
-1.0376,3.3647,0.056543
-1.038,3.5029,0.055812
-1.0441,3.6429,0.054955
-1.0537,3.7882,0.054078
-1.0619,3.9405,0.053394
-1.0631,4.0969,0.053188
-1.0566,4.2501,0.053659
-1.0478,4.3961,0.054765
-1.0417,4.5361,0.056227
-1.0411,4.6735,0.057656
-1.0463,4.8121,0.05869
-1.0555,4.9554,0.059091
-1.0643,5.1057,0.058829
-1.0671,5.2609,0.05813
-1.0619,5.4141,0.05738
-1.0536,5.5604,0.056914
-1.0475,5.7003,0.056859
-1.0467,5.8368,0.057135
-1.0522,5.9736,0.057556
-1.0626,6.1143,0.057881
-1.0745,6.2613,0.057838
-1.0834,6.4136,0.05715
-1.0878,6.5665,0.055611
-1.0911,6.7179,0.053142
-1.0951,6.8704,0.049806
-1.0972,7.0256,0.045783
-1.1126,0.18547,0.059482
-1.0752,0.34587,0.06478
-1.0385,0.48517,0.069835
-1.0084,0.61127,0.073861
-0.98618,0.72927,0.076413
-0.97191,0.8424,0.077606
-0.96543,0.95285,0.077952
-0.96652,1.0623,0.077917
-0.97499,1.1721,0.07761
-0.99071,1.2836,0.076837
-1.0136,1.3983,0.075397
-1.0434,1.5178,0.073279
-1.0798,1.6443,0.070636
-1.1219,1.781,0.067666
-1.1664,1.9327,0.064593
-1.2033,2.1035,0.061709
-1.2171,2.2824,0.059357
-1.2161,2.4485,0.057793
-1.2183,2.6048,0.057034
-1.2252,2.7659,0.056824
-1.2206,2.9348,0.056774
-1.2015,3.093,0.056572
-1.1828,3.2355,0.056128
-1.1725,3.3684,0.055538
-1.1728,3.4983,0.054916
-1.1838,3.6311,0.054276
-1.203,3.7733,0.05358
-1.2224,3.9317,0.052913
-1.2248,4.1027,0.052538
-1.2076,4.264,0.052743
-1.1882,4.408,0.053583
-1.1762,4.5413,0.054783
-1.1747,4.6704,0.055884
-1.1839,4.8014,0.056467
-1.202,4.9406,0.056333
-1.2223,5.095,0.055572
-1.2287,5.2642,0.054523
-1.2139,5.4271,0.053618
-1.1944,5.5726,0.053167
-1.1815,5.706,0.053231
-1.1789,5.8342,0.053644
-1.1871,5.9629,0.054126
-1.2049,6.0982,0.054362
-1.2272,6.2462,0.054056
-1.2407,6.4076,0.052988
-1.2399,6.5654,0.051083
-1.241,6.7134,0.048433
-1.25,6.864,0.045231
-1.2568,7.0256,0.04168
-1.2933,0.23907,0.058791
-1.2205,0.39646,0.064226
-1.1655,0.52565,0.069249
-1.1252,0.64146,0.073055
-1.0969,0.74984,0.07526
-1.0792,0.854,0.076077
-1.0711,0.95597,0.07608
-1.072,1.0572,0.075743
-1.0816,1.1591,0.075144
-1.0997,1.2628,0.07406
-1.1265,1.3695,0.072303
-1.1622,1.481,0.069951
-1.2072,1.5995,0.067279
-1.2626,1.7287,0.064575
-1.3292,1.8764,0.062032
-1.4024,2.0657,0.05981
-1.3998,2.2953,0.058086
-1.3695,2.4569,0.056994
-1.3677,2.5949,0.056487
-1.4007,2.7476,0.056291
-1.3988,2.9618,0.056034
-1.3486,3.1244,0.055483
-1.3137,3.2559,0.05469
-1.2964,3.3752,0.053899
-1.2967,3.491,0.053294
-1.3143,3.6101,0.052824
-1.3498,3.7412,0.05229
-1.4016,3.9031,0.05162
-1.4105,4.1257,0.051036
-1.3582,4.2965,0.050895
-1.3202,4.4305,0.051362
-1.3,4.5504,0.052211
-1.2973,4.6655,0.052952
-1.3119,4.7828,0.05312
-1.3442,4.9102,0.05253
-1.3936,5.0634,0.05135
-1.419,5.2792,0.050007
-1.368,5.4599,0.048975
-1.3276,5.5966,0.048554
-1.305,5.7169,0.04875
-1.2999,5.8311,0.04932
-1.312,5.946,0.049897
-1.3414,6.0689,0.050098
-1.3876,6.2128,0.049612
-1.4213,6.4104,0.048274
-1.3862,6.5765,0.046131
-1.3805,6.7059,0.043422
-1.405,6.8426,0.040456
-1.4389,7.0256,0.037459
-1.4522,0.35274,0.057238
-1.3476,0.47102,0.062482
-1.2782,0.57845,0.067191
-1.23,0.67867,0.070617
-1.1971,0.77447,0.072479
-1.1769,0.86771,0.073052
-1.1678,0.95974,0.072902
-1.1689,1.0516,0.072454
-1.1797,1.1443,0.071752
-1.2002,1.2388,0.07058
-1.2306,1.3361,0.068791
-1.2716,1.4375,0.066499
-1.3244,1.5445,0.064016
-1.3918,1.6598,0.061645
-1.4799,1.7869,0.059573
-1.5616,2.3768,0.056742
-1.4934,2.4847,0.05611
-1.4819,2.5783,0.055867
-1.5288,2.6545,0.055666
-1.5708,3.0608,0.055128
-1.4778,3.1813,0.054107
-1.4267,3.2874,0.052819
-1.403,3.3853,0.051674
-1.4031,3.4806,0.050942
-1.427,3.5783,0.050522
-1.4783,3.6839,0.050068
-1.5708,3.8033,0.049345
-1.4905,4.3586,0.047898
-1.4342,4.4658,0.047829
-1.4064,4.5639,0.048168
-1.4027,4.6586,0.048477
-1.4223,4.7548,0.048301
-1.4682,4.858,0.047451
-1.5512,4.9742,0.0461
-1.504,5.5269,0.04367
-1.4427,5.6352,0.043335
-1.4111,5.7334,0.043655
-1.4038,5.8273,0.044345
-1.4195,5.9216,0.044992
-1.4602,6.0217,0.045189
-1.5342,6.1336,0.044627
-1.5622,6.5513,0.043185
-1.495,6.6077,0.040987
-1.4903,6.6912,0.038359
-1.5345,6.7852,0.035681
-1.5451,0.48098,0.054867
-1.4434,0.55676,0.059725
-1.3709,0.63822,0.06398
-1.3197,0.72015,0.066994
-1.2849,0.80157,0.068604
-1.2637,0.88259,0.069117
-1.2544,0.96362,0.069026
-1.256,1.0452,0.068661
-1.2681,1.1278,0.068036
-1.2908,1.2121,0.06698
-1.3242,1.2987,0.065394
-1.3693,1.3883,0.063385
-1.4276,1.4817,0.061209
-1.5018,1.5792,0.059127
-1.5669,2.5264,0.054894
-1.5446,2.5722,0.054872
-1.5586,2.6025,0.054664
-1.5135,3.3269,0.050553
-1.4862,3.3979,0.048979
-1.4863,3.4678,0.048003
-1.5136,3.5387,0.047508
-1.5212,4.5098,0.043167
-1.4894,4.5807,0.042853
-1.485,4.6501,0.042674
-1.5075,4.7203,0.042248
-1.5591,4.7925,0.041375
-1.5298,5.6837,0.037948
-1.4937,5.7542,0.03836
-1.485,5.8229,0.039089
-1.5027,5.8919,0.039738
-1.5486,5.9628,0.039915
-1.5684,6.6083,0.037915
-1.5476,6.6278,0.035793
-1.5559,6.6674,0.033324
-1.5105,0.63877,0.056277
-1.4429,0.69803,0.060105
-1.3934,0.7623,0.062816
-1.3593,0.82911,0.064341
-1.3386,0.89746,0.064974
-1.33,0.96699,0.065099
-1.3327,1.0377,0.064936
-1.3462,1.1096,0.064485
-1.3706,1.1831,0.063646
-1.4063,1.2583,0.062374
-1.4541,1.3354,0.060736
-1.5151,1.4145,0.058876
-1.5699,2.5794,0.053148
-1.5684,2.5888,0.052905
-1.5426,3.4117,0.045907
-1.5426,3.454,0.04468
-1.5455,4.599,0.036972
-1.5408,4.641,0.036334
-1.5642,4.6831,0.035777
-1.5492,5.7768,0.033341
-1.54,5.8184,0.034016
-1.5585,5.8599,0.034579
-1.5703,6.6232,0.032725
-1.5679,6.6293,0.030708
-1.5564,0.71128,0.052437
-1.4967,0.75331,0.05597
-1.4518,0.80211,0.058562
-1.4205,0.85522,0.060188
-1.4016,0.91119,0.061077
-1.3945,0.96923,0.061487
-1.3985,1.0289,0.061545
-1.4134,1.09,0.061264
-1.4393,1.1524,0.06063
-1.4765,1.216,0.059654
-1.5256,1.2806,0.058356
-1.5708,2.5874,0.050107
-1.5689,4.6317,0.030444
-1.5677,5.8137,0.02952
-1.5708,7.0256,0.027929
-1.5358,0.80204,0.051886
-1.4965,0.83777,0.054527
-1.4691,0.87857,0.056379
-1.453,0.92293,0.057569
-1.4479,0.96987,0.058226
-1.4535,1.0187,0.058426
-1.4697,1.069,0.058224
-1.4967,1.1204,0.057701
-1.5347,1.1725,0.056924
-1.5626,0.84371,0.048168
-1.5295,0.86847,0.05093
-1.5064,0.89843,0.053013
-1.4935,0.93216,0.054414
-1.4906,0.96863,0.055164
-1.4979,1.0071,0.05533
-1.5153,1.0469,0.055051
-1.543,1.0877,0.054507
-1.5524,0.89405,0.047875
-1.5336,0.91458,0.050062
-1.5238,0.9387,0.051469
-1.5233,0.96544,0.052068
-1.5322,0.99408,0.051973
-1.5506,1.0241,0.051435
-1.5667,0.91488,0.04518
-1.5518,0.92716,0.047291
-1.5449,0.94266,0.048475
-1.5464,0.96041,0.04869
-1.557,0.9796,0.048137
-1.5706,0.93302,0.042408
-1.5618,0.93602,0.044312
-1.558,0.94442,0.045142
-1.5604,0.95439,0.04487
-1.5704,0.96269,0.043796
-1.5699,0.93893,0.039209
-1.5664,0.94053,0.04088
-1.565,0.94468,0.041377
-1.5671,0.94942,0.04069
-1.57,0.94133,0.035638
-1.5687,0.94228,0.037118
-1.5684,0.94427,0.037408
-1.5698,0.94628,0.036496
-1.5703,0.94233,0.032078
-1.5698,0.94286,0.033406
-1.5699,0.94377,0.033625
-1.5708,0.94452,0.032703
-1.5708,0.94268,0.027098
-1.5705,0.94273,0.028851
-1.5704,0.94301,0.030029
-1.5705,0.94339,0.030271
-1.5708,0.94284,0.024548
-1.5707,0.94288,0.025927
-1.5706,0.94301,0.026939
-1.5707,0.94316,0.027264
-1.5708,0.9429,0.022011
-1.5707,0.94293,0.023005
-1.5707,0.94299,0.023856
-1.5708,0.94304,0.024307
-1.5708,0.94293,0.019183
-1.5708,0.94294,0.019835
-1.5708,0.94297,0.020557
-1.5708,0.94294,0.015923
-1.5708,0.94294,0.016063
-1.5708,0.94294,0.016455
-1.5708,0.94295,0.017086
-1.5708,0.94294,0.013033
-1.5708,0.94294,0.012938
-1.5708,0.94294,0.013168
-1.5708,0.94295,0.01373
-1.5708,0.94294,0.010366
-1.5708,0.94294,0.01017
-1.5708,0.94294,0.010322
-1.5708,0.94294,0.0081639
-1.5708,0.94294,0.0079801
-1.5708,0.94294,0.0081118
-1.5708,0.94294,0.0067704
-1.5708,0.94294,0.0064933
-1.5708,0.94294,0.0063866
-1.5706,0.94254,0.0054139
-1.5708,0.94294,0.0052908
-1.5708,0.94301,0.0044391
