"","V1","V2","V3","V4"
"1","0.35","1","edf","68.1457545856904"
"2","0.35","1","mse","111.589485297432"
"3","0.35","2","edf","56.2262770441857"
"4","0.35","2","mse","89.4585481355914"
"5","0.35","3","edf","57.2764666450899"
"6","0.35","3","mse","88.4675394541972"
"7","0.35","4","edf","63.3445436450808"
"8","0.35","4","mse","91.0755170168598"
"9","0.35","5","edf","62.6781416504204"
"10","0.35","5","mse","148.147622670234"
"11","0.35","6","edf","57.1155942581168"
"12","0.35","6","mse","89.9072450038321"
"13","0.35","7","edf","65.6341198203864"
"14","0.35","7","mse","71.5148490509078"
"15","0.35","8","edf","54.5423614518832"
"16","0.35","8","mse","146.128113830635"
"17","0.35","9","edf","58.9311456139418"
"18","0.35","9","mse","101.500951737027"
"19","0.35","10","edf","57.3759761503436"
"20","0.35","10","mse","72.9314483161902"
"21","0.35","11","edf","65.4463569178193"
"22","0.35","11","mse","107.09290351372"
"23","0.35","12","edf","71.347037634753"
"24","0.35","12","mse","80.9330889917286"
"25","0.35","13","edf","62.4374973550583"
"26","0.35","13","mse","71.8069989378396"
"27","0.35","14","edf","59.5392979467549"
"28","0.35","14","mse","110.680002971326"
"29","0.35","15","edf","59.3838500835851"
"30","0.35","15","mse","77.0751246912427"
"31","0.35","16","edf","61.3384418155859"
"32","0.35","16","mse","100.441805494101"
"33","0.35","17","edf","72.474099695979"
"34","0.35","17","mse","111.984738835667"
"35","0.35","18","edf","62.7488722455601"
"36","0.35","18","mse","69.0593405198826"
"37","0.35","19","edf","60.7095390401717"
"38","0.35","19","mse","95.242905672704"
"39","0.35","20","edf","61.1798861303137"
"40","0.35","20","mse","137.295450483771"
"41","0.35","21","edf","57.0942093216738"
"42","0.35","21","mse","89.9437672895905"
"43","0.35","22","edf","60.1671511920396"
"44","0.35","22","mse","105.653103611624"
"45","0.35","23","edf","61.5091593249838"
"46","0.35","23","mse","109.795204316809"
"47","0.35","24","edf","65.8461680721885"
"48","0.35","24","mse","89.2501077163598"
"49","0.35","25","edf","58.6703819810376"
"50","0.35","25","mse","78.319437507309"
"51","0.35","26","edf","62.1011651250152"
"52","0.35","26","mse","72.8866088487517"
"53","0.35","27","edf","63.0096226317965"
"54","0.35","27","mse","59.2847785089436"
"55","0.35","28","edf","57.5701804957305"
"56","0.35","28","mse","70.9968440619704"
"57","0.35","29","edf","68.0051952548561"
"58","0.35","29","mse","74.7147311568594"
"59","0.35","30","edf","56.7792571687667"
"60","0.35","30","mse","73.7792924273094"
"61","0.35","31","edf","59.5146651035263"
"62","0.35","31","mse","103.085532271397"
"63","0.35","32","edf","60.4599256145227"
"64","0.35","32","mse","110.132394787849"
"65","0.35","33","edf","69.5777896642652"
"66","0.35","33","mse","109.811085443159"
"67","0.35","34","edf","57.6093418056417"
"68","0.35","34","mse","92.2816858835383"
"69","0.35","35","edf","59.2859517493742"
"70","0.35","35","mse","71.4643752209864"
"71","0.35","36","edf","63.2904870251858"
"72","0.35","36","mse","91.001869968605"
"73","0.35","37","edf","57.587136739717"
"74","0.35","37","mse","94.7096893102511"
"75","0.35","38","edf","67.9652169638363"
"76","0.35","38","mse","66.9509861086886"
"77","0.35","39","edf","64.262563491168"
"78","0.35","39","mse","97.400730723096"
"79","0.35","40","edf","61.6826568065235"
"80","0.35","40","mse","71.4310157566573"
"81","0.35","41","edf","61.2839796916407"
"82","0.35","41","mse","86.9432874188196"
"83","0.35","42","edf","58.1785395937488"
"84","0.35","42","mse","146.396336278997"
"85","0.35","43","edf","60.2272897538426"
"86","0.35","43","mse","101.228048145156"
"87","0.35","44","edf","64.6060510614819"
"88","0.35","44","mse","88.2168473158693"
"89","0.35","45","edf","59.2749416675628"
"90","0.35","45","mse","94.1377558119574"
"91","0.35","46","edf","55.9254034070744"
"92","0.35","46","mse","115.615002675994"
"93","0.35","47","edf","58.5082843523247"
"94","0.35","47","mse","94.7118001406992"
"95","0.35","48","edf","72.1912814387176"
"96","0.35","48","mse","71.8976931180558"
"97","0.35","49","edf","60.5222304310719"
"98","0.35","49","mse","84.6501758097757"
"99","0.35","50","edf","61.9834281045465"
"100","0.35","50","mse","79.799212207604"
"101","0.35","51","edf","63.6596404273772"
"102","0.35","51","mse","74.9768194963228"
"103","0.35","52","edf","62.5564419030707"
"104","0.35","52","mse","74.3516725048213"
"105","0.35","53","edf","56.2000171694803"
"106","0.35","53","mse","145.879403184126"
"107","0.35","54","edf","64.248058687844"
"108","0.35","54","mse","73.8340560519275"
"109","0.35","55","edf","61.5496256304149"
"110","0.35","55","mse","87.43339666635"
"111","0.35","56","edf","70.981360382488"
"112","0.35","56","mse","83.8938655334047"
"113","0.35","57","edf","69.578386277612"
"114","0.35","57","mse","78.4744492202046"
"115","0.35","58","edf","66.0412723060787"
"116","0.35","58","mse","51.3760940501808"
"117","0.35","59","edf","61.4175840130756"
"118","0.35","59","mse","67.1995308390479"
"119","0.35","60","edf","60.5545394168827"
"120","0.35","60","mse","113.102448198103"
"121","0.35","61","edf","60.8613695041958"
"122","0.35","61","mse","77.5466994281761"
"123","0.35","62","edf","63.1764209406174"
"124","0.35","62","mse","101.172263218495"
"125","0.35","63","edf","62.1395041360334"
"126","0.35","63","mse","66.8398843604038"
"127","0.35","64","edf","57.8654434476573"
"128","0.35","64","mse","76.3819943710909"
"129","0.35","65","edf","61.9474139025856"
"130","0.35","65","mse","92.5927908921375"
"131","0.35","66","edf","63.3296762145057"
"132","0.35","66","mse","79.2577000474983"
"133","0.35","67","edf","59.1876286130156"
"134","0.35","67","mse","83.05713726311"
"135","0.35","68","edf","59.515294928839"
"136","0.35","68","mse","61.9772330918529"
"137","0.35","69","edf","65.468050292562"
"138","0.35","69","mse","69.2850065942105"
"139","0.35","70","edf","64.712500746698"
"140","0.35","70","mse","127.263380830938"
"141","0.35","71","edf","62.8480224543898"
"142","0.35","71","mse","89.5530036002121"
"143","0.35","72","edf","74.3472755187621"
"144","0.35","72","mse","81.0463794551338"
"145","0.35","73","edf","58.8911148871824"
"146","0.35","73","mse","109.202867672287"
"147","0.35","74","edf","61.4909846444573"
"148","0.35","74","mse","102.432055159031"
"149","0.35","75","edf","60.4651488391739"
"150","0.35","75","mse","80.0488844471503"
"151","0.35","76","edf","61.8030828699997"
"152","0.35","76","mse","99.7504383194774"
"153","0.35","77","edf","57.9323033293178"
"154","0.35","77","mse","94.464383738685"
"155","0.35","78","edf","62.6684514750734"
"156","0.35","78","mse","101.192753142235"
"157","0.35","79","edf","66.7815258934748"
"158","0.35","79","mse","98.6305517978927"
"159","0.35","80","edf","59.7528343523714"
"160","0.35","80","mse","100.768612927917"
"161","0.35","81","edf","57.5308307616383"
"162","0.35","81","mse","85.2885238427346"
"163","0.35","82","edf","68.9556958058235"
"164","0.35","82","mse","83.3040040034829"
"165","0.35","83","edf","65.403415143213"
"166","0.35","83","mse","72.0504683899484"
"167","0.35","84","edf","58.9036661739578"
"168","0.35","84","mse","123.398288724459"
"169","0.35","85","edf","62.2999922815346"
"170","0.35","85","mse","81.9980831101323"
"171","0.35","86","edf","60.7561626079342"
"172","0.35","86","mse","107.007773303016"
"173","0.35","87","edf","61.2838988192437"
"174","0.35","87","mse","73.9994655985719"
"175","0.35","88","edf","62.6477686422343"
"176","0.35","88","mse","76.2579022088447"
"177","0.35","89","edf","60.1327676833844"
"178","0.35","89","mse","104.761031102225"
"179","0.35","90","edf","60.6332233027503"
"180","0.35","90","mse","101.846326427233"
"181","0.35","91","edf","58.594619182409"
"182","0.35","91","mse","56.2239643094593"
"183","0.35","92","edf","68.4523402726299"
"184","0.35","92","mse","88.1959092887823"
"185","0.35","93","edf","57.2425079601838"
"186","0.35","93","mse","87.3053940464211"
"187","0.35","94","edf","64.0403705111006"
"188","0.35","94","mse","84.6193776759021"
"189","0.35","95","edf","62.889183217653"
"190","0.35","95","mse","73.4458713834894"
"191","0.35","96","edf","62.4341769995424"
"192","0.35","96","mse","70.9385326738137"
"193","0.35","97","edf","66.346807204864"
"194","0.35","97","mse","80.9046461762075"
"195","0.35","98","edf","61.7911364051227"
"196","0.35","98","mse","85.9831529011133"
"197","0.35","99","edf","60.5358878138804"
"198","0.35","99","mse","90.2833163541"
"199","0.35","100","edf","57.9806305949516"
"200","0.35","100","mse","81.7588338311889"
"201","0.35","101","edf","62.7425664929167"
"202","0.35","101","mse","88.0004432633164"
"203","0.35","102","edf","58.4288562515063"
"204","0.35","102","mse","130.421079248055"
"205","0.35","103","edf","65.312011633627"
"206","0.35","103","mse","125.591852976052"
"207","0.35","104","edf","64.0113329920057"
"208","0.35","104","mse","128.538690546671"
"209","0.35","105","edf","60.6079474335712"
"210","0.35","105","mse","99.879276158231"
"211","0.35","106","edf","58.7662299332454"
"212","0.35","106","mse","85.9408233567873"
"213","0.35","107","edf","60.6539890600201"
"214","0.35","107","mse","82.1786338520242"
"215","0.35","108","edf","62.7701076936176"
"216","0.35","108","mse","113.118997640018"
"217","0.35","109","edf","62.3871214526706"
"218","0.35","109","mse","70.832597351189"
"219","0.35","110","edf","69.023585387147"
"220","0.35","110","mse","98.4801063481818"
"221","0.35","111","edf","65.96414680448"
"222","0.35","111","mse","77.1269144960213"
"223","0.35","112","edf","56.9044357179626"
"224","0.35","112","mse","102.33931794333"
"225","0.35","113","edf","64.4721111131051"
"226","0.35","113","mse","101.151429438679"
"227","0.35","114","edf","65.3185549705391"
"228","0.35","114","mse","73.9245548731467"
"229","0.35","115","edf","58.5193550441195"
"230","0.35","115","mse","143.176067538558"
"231","0.35","116","edf","59.4103765461793"
"232","0.35","116","mse","82.9450561248106"
"233","0.35","117","edf","59.1586169440474"
"234","0.35","117","mse","76.3152141273824"
"235","0.35","118","edf","58.2964150067027"
"236","0.35","118","mse","84.2667736886936"
"237","0.35","119","edf","63.532592391101"
"238","0.35","119","mse","99.7877200849729"
"239","0.35","120","edf","65.0822197421768"
"240","0.35","120","mse","91.0509001823744"
"241","0.35","121","edf","62.0619422897741"
"242","0.35","121","mse","101.772405444275"
"243","0.35","122","edf","61.8037430315483"
"244","0.35","122","mse","92.8420507294538"
"245","0.35","123","edf","54.3513706550045"
"246","0.35","123","mse","133.785067343841"
"247","0.35","124","edf","58.3241335549141"
"248","0.35","124","mse","120.802738975344"
"249","0.35","125","edf","63.2354621653358"
"250","0.35","125","mse","100.636626351039"
"251","0.35","126","edf","63.3930643342614"
"252","0.35","126","mse","106.254161063096"
"253","0.35","127","edf","60.395038758477"
"254","0.35","127","mse","69.3612858962009"
"255","0.35","128","edf","62.62191821688"
"256","0.35","128","mse","90.7004524593827"
"257","0.35","129","edf","58.526247327711"
"258","0.35","129","mse","138.620050408821"
"259","0.35","130","edf","56.4236930012947"
"260","0.35","130","mse","80.8067936047366"
"261","0.35","131","edf","61.3582216577705"
"262","0.35","131","mse","84.1778415130732"
"263","0.35","132","edf","69.5623046270642"
"264","0.35","132","mse","72.0971066790422"
"265","0.35","133","edf","66.3354630920717"
"266","0.35","133","mse","79.0737003400749"
"267","0.35","134","edf","65.5764972545565"
"268","0.35","134","mse","85.7090472086966"
"269","0.35","135","edf","63.9109604397237"
"270","0.35","135","mse","78.269005223416"
"271","0.35","136","edf","59.7649626979399"
"272","0.35","136","mse","105.772550541101"
"273","0.35","137","edf","64.4330183980098"
"274","0.35","137","mse","85.5397057426633"
"275","0.35","138","edf","62.3478720619719"
"276","0.35","138","mse","147.50142893307"
"277","0.35","139","edf","64.271915962467"
"278","0.35","139","mse","69.058417448735"
"279","0.35","140","edf","66.0376438898921"
"280","0.35","140","mse","133.433492036592"
"281","0.35","141","edf","57.0547730336056"
"282","0.35","141","mse","118.923181516654"
"283","0.35","142","edf","62.0590335775191"
"284","0.35","142","mse","68.2705356041987"
"285","0.35","143","edf","60.2463077560437"
"286","0.35","143","mse","78.0045079448717"
"287","0.35","144","edf","64.9605531221289"
"288","0.35","144","mse","78.4374453255095"
"289","0.35","145","edf","60.4840883112773"
"290","0.35","145","mse","98.9445342062292"
"291","0.35","146","edf","57.1005604583416"
"292","0.35","146","mse","97.664732502322"
"293","0.35","147","edf","54.6248882595078"
"294","0.35","147","mse","116.327392279226"
"295","0.35","148","edf","61.2433131735413"
"296","0.35","148","mse","111.819744324576"
"297","0.35","149","edf","63.2744884872718"
"298","0.35","149","mse","69.339553417451"
"299","0.35","150","edf","59.451230857172"
"300","0.35","150","mse","111.153814667763"
"301","0.35","151","edf","66.7261101841513"
"302","0.35","151","mse","74.5827002160031"
"303","0.35","152","edf","63.1202269435211"
"304","0.35","152","mse","78.1967186989049"
"305","0.35","153","edf","62.9469310480967"
"306","0.35","153","mse","78.4773919270489"
"307","0.35","154","edf","59.3372799890352"
"308","0.35","154","mse","101.395407170492"
"309","0.35","155","edf","60.8943209388086"
"310","0.35","155","mse","79.9826201658711"
"311","0.35","156","edf","67.6970743524882"
"312","0.35","156","mse","77.1831138426786"
"313","0.35","157","edf","64.6397204076647"
"314","0.35","157","mse","62.4366711061262"
"315","0.35","158","edf","63.0246137796115"
"316","0.35","158","mse","90.2249202687453"
"317","0.35","159","edf","67.2417778388147"
"318","0.35","159","mse","129.338745314401"
"319","0.35","160","edf","60.2375458825591"
"320","0.35","160","mse","94.2082756428483"
"321","0.35","161","edf","56.4878370768268"
"322","0.35","161","mse","84.6614435962985"
"323","0.35","162","edf","63.1599914276104"
"324","0.35","162","mse","103.956113935838"
"325","0.35","163","edf","62.4153694411922"
"326","0.35","163","mse","73.3228036514495"
"327","0.35","164","edf","63.2494672001083"
"328","0.35","164","mse","108.238307952954"
"329","0.35","165","edf","61.0467386775896"
"330","0.35","165","mse","121.569153613116"
"331","0.35","166","edf","59.5410604873257"
"332","0.35","166","mse","105.650828042246"
"333","0.35","167","edf","60.624602177029"
"334","0.35","167","mse","66.8863026944981"
"335","0.35","168","edf","64.3299554580348"
"336","0.35","168","mse","84.4760848050649"
"337","0.35","169","edf","62.980194014751"
"338","0.35","169","mse","152.524038699359"
"339","0.35","170","edf","59.6984047068106"
"340","0.35","170","mse","107.726633384563"
"341","0.35","171","edf","61.1437248051651"
"342","0.35","171","mse","73.4166768228578"
"343","0.35","172","edf","63.5760263915424"
"344","0.35","172","mse","81.07791735231"
"345","0.35","173","edf","66.5956894239701"
"346","0.35","173","mse","74.8392637505423"
"347","0.35","174","edf","67.3507555693582"
"348","0.35","174","mse","92.390175565289"
"349","0.35","175","edf","57.5368160123703"
"350","0.35","175","mse","131.116871824365"
"351","0.35","176","edf","60.0152224804347"
"352","0.35","176","mse","91.5794762132343"
"353","0.35","177","edf","64.3594651059852"
"354","0.35","177","mse","108.411447047256"
"355","0.35","178","edf","64.1618937921276"
"356","0.35","178","mse","59.7077304179225"
"357","0.35","179","edf","59.9237104470388"
"358","0.35","179","mse","58.6631162208678"
"359","0.35","180","edf","66.1179881708735"
"360","0.35","180","mse","105.546440392205"
"361","0.35","181","edf","62.4591694779355"
"362","0.35","181","mse","108.897025570405"
"363","0.35","182","edf","60.2230788486747"
"364","0.35","182","mse","99.6775828718988"
"365","0.35","183","edf","66.1481130864988"
"366","0.35","183","mse","80.0443767880534"
"367","0.35","184","edf","66.8328067259005"
"368","0.35","184","mse","65.215581250306"
"369","0.35","185","edf","65.5924722913017"
"370","0.35","185","mse","104.559538533662"
"371","0.35","186","edf","62.1073118413112"
"372","0.35","186","mse","67.2134732295248"
"373","0.35","187","edf","60.3251409577857"
"374","0.35","187","mse","76.2879600595675"
"375","0.35","188","edf","59.4659486999969"
"376","0.35","188","mse","73.0994925784025"
"377","0.35","189","edf","70.8164252207568"
"378","0.35","189","mse","64.8161951912576"
"379","0.35","190","edf","65.0743138321288"
"380","0.35","190","mse","88.9856630172483"
"381","0.35","191","edf","70.5889953917725"
"382","0.35","191","mse","105.27135944225"
"383","0.35","192","edf","75.5403187566499"
"384","0.35","192","mse","85.5989196098716"
"385","0.35","193","edf","58.0395844176332"
"386","0.35","193","mse","79.3755221015578"
"387","0.35","194","edf","64.3619758134152"
"388","0.35","194","mse","68.9637901380439"
"389","0.35","195","edf","65.8832532329806"
"390","0.35","195","mse","67.5640873389832"
"391","0.35","196","edf","58.0143271845455"
"392","0.35","196","mse","119.67962717538"
"393","0.35","197","edf","63.7007384097013"
"394","0.35","197","mse","65.0931672773227"
"395","0.35","198","edf","57.396932161646"
"396","0.35","198","mse","102.987435366868"
"397","0.35","199","edf","59.2607504393109"
"398","0.35","199","mse","80.9916557612627"
"399","0.35","200","edf","58.2625580613989"
"400","0.35","200","mse","85.5039240409257"
"401","0.9","1","edf","45.4369026991956"
"402","0.9","1","mse","288.29588206185"
"403","0.9","2","edf","36.5065175186085"
"404","0.9","2","mse","277.640617584214"
"405","0.9","3","edf","33.7597291216018"
"406","0.9","3","mse","240.829381065457"
"407","0.9","4","edf","39.3196837970384"
"408","0.9","4","mse","275.139059690429"
"409","0.9","5","edf","40.1725084258978"
"410","0.9","5","mse","314.568147963315"
"411","0.9","6","edf","34.2648620151378"
"412","0.9","6","mse","292.370132668554"
"413","0.9","7","edf","37.5906085895324"
"414","0.9","7","mse","276.457885160818"
"415","0.9","8","edf","31.1865682696627"
"416","0.9","8","mse","553.79477888692"
"417","0.9","9","edf","35.7627254107305"
"418","0.9","9","mse","288.495423700738"
"419","0.9","10","edf","35.7984665839023"
"420","0.9","10","mse","204.320641562994"
"421","0.9","11","edf","44.9155841947986"
"422","0.9","11","mse","300.206475183974"
"423","0.9","12","edf","48.0235307786047"
"424","0.9","12","mse","172.000166932498"
"425","0.9","13","edf","39.7563229468931"
"426","0.9","13","mse","211.732406061013"
"427","0.9","14","edf","36.0443118098159"
"428","0.9","14","mse","304.351065317675"
"429","0.9","15","edf","37.115488382055"
"430","0.9","15","mse","212.480557685617"
"431","0.9","16","edf","41.0208166955456"
"432","0.9","16","mse","284.47762902807"
"433","0.9","17","edf","43.4947766334594"
"434","0.9","17","mse","296.485297962153"
"435","0.9","18","edf","38.5701910010138"
"436","0.9","18","mse","173.066210902189"
"437","0.9","19","edf","42.024205541268"
"438","0.9","19","mse","246.420269476082"
"439","0.9","20","edf","40.243732178534"
"440","0.9","20","mse","401.79329112846"
"441","0.9","21","edf","38.8780308981071"
"442","0.9","21","mse","204.467266978184"
"443","0.9","22","edf","38.9537094404635"
"444","0.9","22","mse","264.552456667466"
"445","0.9","23","edf","42.7377753418113"
"446","0.9","23","mse","262.142574461308"
"447","0.9","24","edf","39.6743254957399"
"448","0.9","24","mse","331.354334969464"
"449","0.9","25","edf","39.3129495716394"
"450","0.9","25","mse","231.403535217972"
"451","0.9","26","edf","35.7904668391771"
"452","0.9","26","mse","249.093479951283"
"453","0.9","27","edf","40.6113948193657"
"454","0.9","27","mse","151.386019647421"
"455","0.9","28","edf","38.3107693880574"
"456","0.9","28","mse","187.92813445458"
"457","0.9","29","edf","44.0192391725984"
"458","0.9","29","mse","264.562379521029"
"459","0.9","30","edf","37.4506368046475"
"460","0.9","30","mse","189.105294984578"
"461","0.9","31","edf","37.5194561102479"
"462","0.9","31","mse","327.011422233192"
"463","0.9","32","edf","42.2577568923666"
"464","0.9","32","mse","332.66186420818"
"465","0.9","33","edf","40.2023665175441"
"466","0.9","33","mse","339.095589305354"
"467","0.9","34","edf","36.4512295966646"
"468","0.9","34","mse","261.393152764031"
"469","0.9","35","edf","35.4512174577641"
"470","0.9","35","mse","248.050783063912"
"471","0.9","36","edf","37.9020027261969"
"472","0.9","36","mse","220.208246289804"
"473","0.9","37","edf","34.2693340630324"
"474","0.9","37","mse","322.023309253949"
"475","0.9","38","edf","44.8539274636337"
"476","0.9","38","mse","190.304806729144"
"477","0.9","39","edf","41.7543507606396"
"478","0.9","39","mse","227.803209810363"
"479","0.9","40","edf","40.5059537106129"
"480","0.9","40","mse","196.690437154422"
"481","0.9","41","edf","41.7038485297556"
"482","0.9","41","mse","258.017644622157"
"483","0.9","42","edf","34.559603362259"
"484","0.9","42","mse","399.109623183856"
"485","0.9","43","edf","40.2217257374605"
"486","0.9","43","mse","263.922474032636"
"487","0.9","44","edf","38.3905966095793"
"488","0.9","44","mse","274.580828769402"
"489","0.9","45","edf","36.7383056758456"
"490","0.9","45","mse","299.835442124952"
"491","0.9","46","edf","36.3565839738931"
"492","0.9","46","mse","278.312412996841"
"493","0.9","47","edf","40.2134042101537"
"494","0.9","47","mse","217.87557405511"
"495","0.9","48","edf","51.9033388511233"
"496","0.9","48","mse","244.436191230599"
"497","0.9","49","edf","36.4367639725295"
"498","0.9","49","mse","254.619874017188"
"499","0.9","50","edf","38.7205720573322"
"500","0.9","50","mse","271.471881690943"
"501","0.9","51","edf","41.7025479470448"
"502","0.9","51","mse","217.102941974739"
"503","0.9","52","edf","38.9845650370237"
"504","0.9","52","mse","222.648936618041"
"505","0.9","53","edf","39.2121158644275"
"506","0.9","53","mse","428.650142169312"
"507","0.9","54","edf","37.9002793375511"
"508","0.9","54","mse","232.179055554688"
"509","0.9","55","edf","37.726571508007"
"510","0.9","55","mse","313.026398388749"
"511","0.9","56","edf","39.1506949643973"
"512","0.9","56","mse","320.642282508377"
"513","0.9","57","edf","45.6654671497826"
"514","0.9","57","mse","179.371668655099"
"515","0.9","58","edf","39.5958791058057"
"516","0.9","58","mse","147.394228411263"
"517","0.9","59","edf","40.1293161535506"
"518","0.9","59","mse","191.001384072283"
"519","0.9","60","edf","34.8278970817681"
"520","0.9","60","mse","419.144289899213"
"521","0.9","61","edf","40.439654399474"
"522","0.9","61","mse","235.005277312749"
"523","0.9","62","edf","37.5784750866333"
"524","0.9","62","mse","342.218365173028"
"525","0.9","63","edf","40.3290242594231"
"526","0.9","63","mse","149.420151018178"
"527","0.9","64","edf","36.1200547041227"
"528","0.9","64","mse","269.356611522579"
"529","0.9","65","edf","37.2485736554564"
"530","0.9","65","mse","226.843402605831"
"531","0.9","66","edf","36.2068896061117"
"532","0.9","66","mse","240.68379202371"
"533","0.9","67","edf","41.5833015907799"
"534","0.9","67","mse","215.796789310417"
"535","0.9","68","edf","34.7659065349697"
"536","0.9","68","mse","215.629901941053"
"537","0.9","69","edf","42.2998317928793"
"538","0.9","69","mse","193.739266553702"
"539","0.9","70","edf","43.0289757865743"
"540","0.9","70","mse","373.126161280026"
"541","0.9","71","edf","39.3263488626946"
"542","0.9","71","mse","235.115737077099"
"543","0.9","72","edf","47.307332627384"
"544","0.9","72","mse","347.113767169934"
"545","0.9","73","edf","41.4161909763869"
"546","0.9","73","mse","205.222200687824"
"547","0.9","74","edf","41.6043279650526"
"548","0.9","74","mse","310.284935119463"
"549","0.9","75","edf","38.7053155593554"
"550","0.9","75","mse","264.057508289327"
"551","0.9","76","edf","39.4979410531401"
"552","0.9","76","mse","319.487159558297"
"553","0.9","77","edf","39.1481954825487"
"554","0.9","77","mse","213.483503579636"
"555","0.9","78","edf","37.5791508643476"
"556","0.9","78","mse","265.033906722185"
"557","0.9","79","edf","42.9183976981865"
"558","0.9","79","mse","251.941776511982"
"559","0.9","80","edf","35.5331336480725"
"560","0.9","80","mse","301.651025984379"
"561","0.9","81","edf","37.7983473876866"
"562","0.9","81","mse","221.247978945625"
"563","0.9","82","edf","40.0080962839275"
"564","0.9","82","mse","247.623365757703"
"565","0.9","83","edf","44.0795638556718"
"566","0.9","83","mse","201.182646001637"
"567","0.9","84","edf","38.6040137136719"
"568","0.9","84","mse","280.398744861536"
"569","0.9","85","edf","38.6219328579006"
"570","0.9","85","mse","250.266327687705"
"571","0.9","86","edf","40.0125207231055"
"572","0.9","86","mse","284.115146195453"
"573","0.9","87","edf","40.7019753172746"
"574","0.9","87","mse","246.402986849766"
"575","0.9","88","edf","39.9399310105635"
"576","0.9","88","mse","257.669232378634"
"577","0.9","89","edf","36.6707798418733"
"578","0.9","89","mse","325.704675964288"
"579","0.9","90","edf","40.3187717602543"
"580","0.9","90","mse","262.254873884531"
"581","0.9","91","edf","35.8301770573717"
"582","0.9","91","mse","178.789437932495"
"583","0.9","92","edf","44.8092561841343"
"584","0.9","92","mse","281.70575055425"
"585","0.9","93","edf","32.1023443271194"
"586","0.9","93","mse","291.800704467048"
"587","0.9","94","edf","42.2450702394704"
"588","0.9","94","mse","234.133528723755"
"589","0.9","95","edf","37.1414160548785"
"590","0.9","95","mse","209.005619379764"
"591","0.9","96","edf","41.8445699642373"
"592","0.9","96","mse","162.261898284318"
"593","0.9","97","edf","42.5219566959549"
"594","0.9","97","mse","237.311317721974"
"595","0.9","98","edf","38.6107693738766"
"596","0.9","98","mse","306.20098988577"
"597","0.9","99","edf","38.098813550361"
"598","0.9","99","mse","222.292730377713"
"599","0.9","100","edf","36.3696803830518"
"600","0.9","100","mse","212.383203029386"
"601","0.9","101","edf","43.2957728185956"
"602","0.9","101","mse","238.565174456251"
"603","0.9","102","edf","37.8296783614138"
"604","0.9","102","mse","398.434741076278"
"605","0.9","103","edf","41.2121843032884"
"606","0.9","103","mse","460.754202035825"
"607","0.9","104","edf","43.9898772495237"
"608","0.9","104","mse","392.875164931228"
"609","0.9","105","edf","38.9079074497361"
"610","0.9","105","mse","243.105185431372"
"611","0.9","106","edf","36.5730522963634"
"612","0.9","106","mse","185.187042655448"
"613","0.9","107","edf","38.8272726714456"
"614","0.9","107","mse","174.369773588214"
"615","0.9","108","edf","39.868731181866"
"616","0.9","108","mse","318.852008060747"
"617","0.9","109","edf","39.6275040066213"
"618","0.9","109","mse","195.489984451624"
"619","0.9","110","edf","44.1524127886489"
"620","0.9","110","mse","237.804354334423"
"621","0.9","111","edf","42.9853858597673"
"622","0.9","111","mse","326.209706012392"
"623","0.9","112","edf","39.8228722566242"
"624","0.9","112","mse","286.686016809843"
"625","0.9","113","edf","42.3344781244009"
"626","0.9","113","mse","263.882765194947"
"627","0.9","114","edf","44.3746932999235"
"628","0.9","114","mse","277.901577966012"
"629","0.9","115","edf","37.242099040062"
"630","0.9","115","mse","459.433789916845"
"631","0.9","116","edf","37.0115117380566"
"632","0.9","116","mse","297.023510258738"
"633","0.9","117","edf","36.0453533822864"
"634","0.9","117","mse","224.758958321058"
"635","0.9","118","edf","36.868774686795"
"636","0.9","118","mse","243.160558450455"
"637","0.9","119","edf","41.0799009110043"
"638","0.9","119","mse","362.553808031819"
"639","0.9","120","edf","43.1801371546136"
"640","0.9","120","mse","203.263172060587"
"641","0.9","121","edf","39.4642223797353"
"642","0.9","121","mse","268.558169441526"
"643","0.9","122","edf","40.6344426308437"
"644","0.9","122","mse","196.275310351668"
"645","0.9","123","edf","34.7967990152131"
"646","0.9","123","mse","362.43924527886"
"647","0.9","124","edf","35.3095118567702"
"648","0.9","124","mse","387.55398098066"
"649","0.9","125","edf","36.7727457282871"
"650","0.9","125","mse","280.729308758866"
"651","0.9","126","edf","41.0222558756072"
"652","0.9","126","mse","303.266361824683"
"653","0.9","127","edf","34.2176227417433"
"654","0.9","127","mse","278.058186586923"
"655","0.9","128","edf","38.3885099759919"
"656","0.9","128","mse","264.986757112366"
"657","0.9","129","edf","35.3474699035644"
"658","0.9","129","mse","401.039949680762"
"659","0.9","130","edf","34.9807904033456"
"660","0.9","130","mse","238.395713235484"
"661","0.9","131","edf","43.7883583575239"
"662","0.9","131","mse","247.577597088852"
"663","0.9","132","edf","40.3902621506925"
"664","0.9","132","mse","195.046324641616"
"665","0.9","133","edf","38.8616890171674"
"666","0.9","133","mse","296.071489995617"
"667","0.9","134","edf","43.0520876937433"
"668","0.9","134","mse","224.287484028137"
"669","0.9","135","edf","39.0262121403067"
"670","0.9","135","mse","235.751890696324"
"671","0.9","136","edf","35.3369122256267"
"672","0.9","136","mse","279.5160053488"
"673","0.9","137","edf","42.9231998216375"
"674","0.9","137","mse","292.168110221763"
"675","0.9","138","edf","39.3345719016336"
"676","0.9","138","mse","345.259122071472"
"677","0.9","139","edf","45.564727437862"
"678","0.9","139","mse","206.178502472075"
"679","0.9","140","edf","42.6550941131707"
"680","0.9","140","mse","255.829948814355"
"681","0.9","141","edf","32.5396452638456"
"682","0.9","141","mse","486.561562705084"
"683","0.9","142","edf","37.7092300097134"
"684","0.9","142","mse","181.180751363444"
"685","0.9","143","edf","41.2031272569042"
"686","0.9","143","mse","183.419614459256"
"687","0.9","144","edf","41.3609453559074"
"688","0.9","144","mse","183.664585263846"
"689","0.9","145","edf","38.2547004999127"
"690","0.9","145","mse","295.945914105636"
"691","0.9","146","edf","36.4780261268744"
"692","0.9","146","mse","305.073133454459"
"693","0.9","147","edf","35.8808904805101"
"694","0.9","147","mse","290.605371383872"
"695","0.9","148","edf","40.7464830541661"
"696","0.9","148","mse","290.091315341051"
"697","0.9","149","edf","38.9618833194145"
"698","0.9","149","mse","226.246396822767"
"699","0.9","150","edf","35.3391526746812"
"700","0.9","150","mse","349.429548963076"
"701","0.9","151","edf","45.4523799985025"
"702","0.9","151","mse","271.111241333687"
"703","0.9","152","edf","43.0485767168575"
"704","0.9","152","mse","214.037976542253"
"705","0.9","153","edf","38.8052415009272"
"706","0.9","153","mse","260.065549387058"
"707","0.9","154","edf","38.6217872904684"
"708","0.9","154","mse","245.393759561254"
"709","0.9","155","edf","38.5341297298552"
"710","0.9","155","mse","216.967372578689"
"711","0.9","156","edf","39.5142296802169"
"712","0.9","156","mse","233.178196800897"
"713","0.9","157","edf","38.3906965099479"
"714","0.9","157","mse","199.530161645228"
"715","0.9","158","edf","39.4592347802457"
"716","0.9","158","mse","263.987720532918"
"717","0.9","159","edf","47.1206874528808"
"718","0.9","159","mse","438.124363805389"
"719","0.9","160","edf","37.9479799440201"
"720","0.9","160","mse","265.716080170555"
"721","0.9","161","edf","34.0220315264156"
"722","0.9","161","mse","287.369899576254"
"723","0.9","162","edf","43.8183754837089"
"724","0.9","162","mse","275.627647837629"
"725","0.9","163","edf","35.1741544574889"
"726","0.9","163","mse","247.788057328435"
"727","0.9","164","edf","41.7734640027282"
"728","0.9","164","mse","272.142682367158"
"729","0.9","165","edf","36.6327130887563"
"730","0.9","165","mse","473.235200249837"
"731","0.9","166","edf","37.5832071510745"
"732","0.9","166","mse","335.265094441014"
"733","0.9","167","edf","36.8376993937801"
"734","0.9","167","mse","217.233561077947"
"735","0.9","168","edf","42.4664837388854"
"736","0.9","168","mse","205.970191865381"
"737","0.9","169","edf","41.353444308197"
"738","0.9","169","mse","483.37033332482"
"739","0.9","170","edf","38.7145838676826"
"740","0.9","170","mse","283.030658749558"
"741","0.9","171","edf","36.7263892215164"
"742","0.9","171","mse","209.234597190921"
"743","0.9","172","edf","42.9103618499243"
"744","0.9","172","mse","215.277691427681"
"745","0.9","173","edf","39.5577218942964"
"746","0.9","173","mse","263.944236798949"
"747","0.9","174","edf","46.1909151382998"
"748","0.9","174","mse","333.496279656734"
"749","0.9","175","edf","37.6709960941204"
"750","0.9","175","mse","400.009564455866"
"751","0.9","176","edf","40.6939194059774"
"752","0.9","176","mse","258.197426843883"
"753","0.9","177","edf","40.1192834190119"
"754","0.9","177","mse","288.689781939814"
"755","0.9","178","edf","42.8603634501456"
"756","0.9","178","mse","179.414474790976"
"757","0.9","179","edf","37.4280995594279"
"758","0.9","179","mse","172.823793386702"
"759","0.9","180","edf","41.6555445558224"
"760","0.9","180","mse","299.808794821929"
"761","0.9","181","edf","40.9592610233742"
"762","0.9","181","mse","333.224553281651"
"763","0.9","182","edf","36.7468878172774"
"764","0.9","182","mse","292.320536157029"
"765","0.9","183","edf","43.7091750538856"
"766","0.9","183","mse","204.112299972249"
"767","0.9","184","edf","42.1047423300536"
"768","0.9","184","mse","151.665721852008"
"769","0.9","185","edf","41.0517958752621"
"770","0.9","185","mse","346.064463595463"
"771","0.9","186","edf","38.9228122462167"
"772","0.9","186","mse","223.630653256429"
"773","0.9","187","edf","39.525007262748"
"774","0.9","187","mse","204.952007828894"
"775","0.9","188","edf","39.3221879391922"
"776","0.9","188","mse","200.629254614041"
"777","0.9","189","edf","45.7193604074019"
"778","0.9","189","mse","211.292657708068"
"779","0.9","190","edf","39.7546581768216"
"780","0.9","190","mse","261.941999262012"
"781","0.9","191","edf","43.7720238899167"
"782","0.9","191","mse","356.400897805225"
"783","0.9","192","edf","58.2678339178349"
"784","0.9","192","mse","282.258445909466"
"785","0.9","193","edf","35.5671864434583"
"786","0.9","193","mse","229.236842601544"
"787","0.9","194","edf","37.3961981361252"
"788","0.9","194","mse","213.71174033804"
"789","0.9","195","edf","42.9740044916264"
"790","0.9","195","mse","203.757494859058"
"791","0.9","196","edf","36.846337485688"
"792","0.9","196","mse","282.119569692131"
"793","0.9","197","edf","46.868906596911"
"794","0.9","197","mse","190.785512357551"
"795","0.9","198","edf","36.4063218364216"
"796","0.9","198","mse","239.967691824726"
"797","0.9","199","edf","36.773320300173"
"798","0.9","199","mse","219.992118935896"
"799","0.9","200","edf","34.7321898797627"
"800","0.9","200","mse","269.448524402062"
"801","1.55","1","edf","36.826359018034"
"802","1.55","1","mse","574.056968502705"
"803","1.55","2","edf","24.3808360234414"
"804","1.55","2","mse","832.31062720087"
"805","1.55","3","edf","23.7934361168224"
"806","1.55","3","mse","699.143573343595"
"807","1.55","4","edf","31.8104687924795"
"808","1.55","4","mse","561.900923242099"
"809","1.55","5","edf","28.144618728721"
"810","1.55","5","mse","724.117598251833"
"811","1.55","6","edf","23.0002012159826"
"812","1.55","6","mse","996.639285630936"
"813","1.55","7","edf","28.9228791991597"
"814","1.55","7","mse","705.390305595831"
"815","1.55","8","edf","23.0001481041284"
"816","1.55","8","mse","1356.56909891219"
"817","1.55","9","edf","26.0215300708896"
"818","1.55","9","mse","713.778817466164"
"819","1.55","10","edf","28.8647379445374"
"820","1.55","10","mse","432.161871174947"
"821","1.55","11","edf","35.4734047407006"
"822","1.55","11","mse","641.292227711477"
"823","1.55","12","edf","36.0610834887278"
"824","1.55","12","mse","304.569145823244"
"825","1.55","13","edf","29.545080758098"
"826","1.55","13","mse","533.106051092875"
"827","1.55","14","edf","26.7820496464522"
"828","1.55","14","mse","684.194092782913"
"829","1.55","15","edf","29.3325862873268"
"830","1.55","15","mse","446.184561345172"
"831","1.55","16","edf","34.01370982778"
"832","1.55","16","mse","607.37988024613"
"833","1.55","17","edf","30.2695220280718"
"834","1.55","17","mse","725.589345973982"
"835","1.55","18","edf","24.7628411432484"
"836","1.55","18","mse","602.321548969643"
"837","1.55","19","edf","32.7233701421112"
"838","1.55","19","mse","470.299399718325"
"839","1.55","20","edf","30.3400724325018"
"840","1.55","20","mse","955.91924011476"
"841","1.55","21","edf","32.3973224195048"
"842","1.55","21","mse","373.498558702873"
"843","1.55","22","edf","30.186019999569"
"844","1.55","22","mse","610.819158177639"
"845","1.55","23","edf","34.130430908675"
"846","1.55","23","mse","490.093510563527"
"847","1.55","24","edf","26.2407634634184"
"848","1.55","24","mse","883.406482621276"
"849","1.55","25","edf","29.6842131759827"
"850","1.55","25","mse","531.274388464947"
"851","1.55","26","edf","23.0002041439254"
"852","1.55","26","mse","946.033705875645"
"853","1.55","27","edf","31.4502574437616"
"854","1.55","27","mse","316.367056755984"
"855","1.55","28","edf","30.4680584016769"
"856","1.55","28","mse","393.99014192723"
"857","1.55","29","edf","32.8642367635352"
"858","1.55","29","mse","702.405997075586"
"859","1.55","30","edf","30.6503559427644"
"860","1.55","30","mse","388.377202811883"
"861","1.55","31","edf","28.4898603781036"
"862","1.55","31","mse","714.00306230563"
"863","1.55","32","edf","34.0260045926866"
"864","1.55","32","mse","710.527620777615"
"865","1.55","33","edf","23.0001696400788"
"866","1.55","33","mse","1109.74561737484"
"867","1.55","34","edf","25.5332210162341"
"868","1.55","34","mse","790.053286931986"
"869","1.55","35","edf","25.7845468534042"
"870","1.55","35","mse","688.80115188422"
"871","1.55","36","edf","26.019808523486"
"872","1.55","36","mse","551.278565870391"
"873","1.55","37","edf","24.5105416263203"
"874","1.55","37","mse","906.722932213948"
"875","1.55","38","edf","34.5680206891032"
"876","1.55","38","mse","380.347273339907"
"877","1.55","39","edf","31.4256413302068"
"878","1.55","39","mse","487.382149701413"
"879","1.55","40","edf","32.774345154386"
"880","1.55","40","mse","411.035737232522"
"881","1.55","41","edf","34.851519190754"
"882","1.55","41","mse","560.760778351599"
"883","1.55","42","edf","26.4621170232866"
"884","1.55","42","mse","871.214133319164"
"885","1.55","43","edf","32.7858008517105"
"886","1.55","43","mse","577.804218110686"
"887","1.55","44","edf","26.4807500461291"
"888","1.55","44","mse","692.941310871183"
"889","1.55","45","edf","28.2550387966463"
"890","1.55","45","mse","781.214672274844"
"891","1.55","46","edf","23.0002865296826"
"892","1.55","46","mse","911.446840313145"
"893","1.55","47","edf","30.0998030100738"
"894","1.55","47","mse","463.005834012499"
"895","1.55","48","edf","43.0221964511389"
"896","1.55","48","mse","553.812915074762"
"897","1.55","49","edf","26.9476375626737"
"898","1.55","49","mse","710.971016018178"
"899","1.55","50","edf","29.9349390897062"
"900","1.55","50","mse","623.501050748129"
"901","1.55","51","edf","30.8423091339799"
"902","1.55","51","mse","502.070986867032"
"903","1.55","52","edf","29.0970557709086"
"904","1.55","52","mse","610.325715124924"
"905","1.55","53","edf","32.9247077459408"
"906","1.55","53","mse","928.409808330033"
"907","1.55","54","edf","23.0001345302122"
"908","1.55","54","mse","1088.66988786468"
"909","1.55","55","edf","27.8777094927631"
"910","1.55","55","mse","853.98896447738"
"911","1.55","56","edf","26.2891463279824"
"912","1.55","56","mse","938.796389324784"
"913","1.55","57","edf","32.7510739773541"
"914","1.55","57","mse","382.143441534555"
"915","1.55","58","edf","30.9343611843832"
"916","1.55","58","mse","324.485991416454"
"917","1.55","59","edf","29.4006201893087"
"918","1.55","59","mse","514.878812990999"
"919","1.55","60","edf","27.8807263874308"
"920","1.55","60","mse","898.712772921305"
"921","1.55","61","edf","32.1301271592861"
"922","1.55","61","mse","560.189737254449"
"923","1.55","62","edf","25.379056046958"
"924","1.55","62","mse","862.23567589634"
"925","1.55","63","edf","31.5804427627785"
"926","1.55","63","mse","316.718122555887"
"927","1.55","64","edf","29.6712132461127"
"928","1.55","64","mse","638.004951340454"
"929","1.55","65","edf","27.0746333114309"
"930","1.55","65","mse","500.374719279314"
"931","1.55","66","edf","26.499352297592"
"932","1.55","66","mse","600.647479459641"
"933","1.55","67","edf","34.9155521448271"
"934","1.55","67","mse","454.960230243327"
"935","1.55","68","edf","25.2181466704504"
"936","1.55","68","mse","563.957493097079"
"937","1.55","69","edf","31.8655938307451"
"938","1.55","69","mse","432.411376012873"
"939","1.55","70","edf","32.0458416037824"
"940","1.55","70","mse","747.952301639393"
"941","1.55","71","edf","30.9955132154076"
"942","1.55","71","mse","494.003631854519"
"943","1.55","72","edf","28.2947867053739"
"944","1.55","72","mse","1046.36525210452"
"945","1.55","73","edf","32.5981898056004"
"946","1.55","73","mse","334.083506575432"
"947","1.55","74","edf","32.600755856323"
"948","1.55","74","mse","673.495000771524"
"949","1.55","75","edf","29.9200488320208"
"950","1.55","75","mse","672.086700730633"
"951","1.55","76","edf","23.0002691771721"
"952","1.55","76","mse","1266.50514750519"
"953","1.55","77","edf","31.684368801266"
"954","1.55","77","mse","406.198565680553"
"955","1.55","78","edf","28.0956809966754"
"956","1.55","78","mse","519.827081131254"
"957","1.55","79","edf","32.8338451928174"
"958","1.55","79","mse","576.324564980328"
"959","1.55","80","edf","24.5239915173884"
"960","1.55","80","mse","861.922601835845"
"961","1.55","81","edf","30.3791292171185"
"962","1.55","81","mse","451.877407824651"
"963","1.55","82","edf","28.8334315654786"
"964","1.55","82","mse","584.968758477098"
"965","1.55","83","edf","36.2880570071296"
"966","1.55","83","mse","417.517967029393"
"967","1.55","84","edf","30.4471791310267"
"968","1.55","84","mse","485.125405649901"
"969","1.55","85","edf","29.9960215767902"
"970","1.55","85","mse","595.491240360161"
"971","1.55","86","edf","32.4832160127915"
"972","1.55","86","mse","572.738219251513"
"973","1.55","87","edf","33.1448467885825"
"974","1.55","87","mse","576.205336644605"
"975","1.55","88","edf","31.918542511203"
"976","1.55","88","mse","594.816399883827"
"977","1.55","89","edf","28.1657314654272"
"978","1.55","89","mse","794.809527338053"
"979","1.55","90","edf","32.4968915548109"
"980","1.55","90","mse","539.00539998008"
"981","1.55","91","edf","26.5526980888334"
"982","1.55","91","mse","500.157500022486"
"983","1.55","92","edf","35.8813096109646"
"984","1.55","92","mse","653.147266874813"
"985","1.55","93","edf","25.6962225018013"
"986","1.55","93","mse","665.823477387733"
"987","1.55","94","edf","32.8439857408413"
"988","1.55","94","mse","413.888318188831"
"989","1.55","95","edf","25.6381310168689"
"990","1.55","95","mse","587.01387301901"
"991","1.55","96","edf","32.8668883917118"
"992","1.55","96","mse","333.132415845245"
"993","1.55","97","edf","31.5972411865774"
"994","1.55","97","mse","479.542380402575"
"995","1.55","98","edf","26.4403674309208"
"996","1.55","98","mse","775.829610596831"
"997","1.55","99","edf","28.9797691650119"
"998","1.55","99","mse","515.518338402984"
"999","1.55","100","edf","27.0057645530308"
"1000","1.55","100","mse","583.772249444655"
"1001","1.55","101","edf","35.4002233998207"
"1002","1.55","101","mse","514.350330778355"
"1003","1.55","102","edf","30.196148186079"
"1004","1.55","102","mse","860.401039477287"
"1005","1.55","103","edf","23.0001623606404"
"1006","1.55","103","mse","1470.92521047794"
"1007","1.55","104","edf","36.1133354560416"
"1008","1.55","104","mse","831.752520760362"
"1009","1.55","105","edf","26.8745890040925"
"1010","1.55","105","mse","533.951986582094"
"1011","1.55","106","edf","23.0003422400743"
"1012","1.55","106","mse","796.154942592888"
"1013","1.55","107","edf","27.6549291846317"
"1014","1.55","107","mse","413.750162711221"
"1015","1.55","108","edf","30.4581468106991"
"1016","1.55","108","mse","686.677238942566"
"1017","1.55","109","edf","29.127101792271"
"1018","1.55","109","mse","463.35112687751"
"1019","1.55","110","edf","32.3123853624519"
"1020","1.55","110","mse","452.657507051469"
"1021","1.55","111","edf","32.7740513851812"
"1022","1.55","111","mse","869.310396232595"
"1023","1.55","112","edf","32.3588301871526"
"1024","1.55","112","mse","557.733662652815"
"1025","1.55","113","edf","26.4383982459447"
"1026","1.55","113","mse","672.090914772768"
"1027","1.55","114","edf","33.1118056314281"
"1028","1.55","114","mse","653.436498942584"
"1029","1.55","115","edf","28.3705238553379"
"1030","1.55","115","mse","1070.72570962099"
"1031","1.55","116","edf","25.5548122378944"
"1032","1.55","116","mse","920.315811649494"
"1033","1.55","117","edf","28.9390061996373"
"1034","1.55","117","mse","465.781531740843"
"1035","1.55","118","edf","23.0001209870238"
"1036","1.55","118","mse","924.655847775189"
"1037","1.55","119","edf","29.2741878133956"
"1038","1.55","119","mse","1038.9785598631"
"1039","1.55","120","edf","29.5961511919995"
"1040","1.55","120","mse","469.600100756706"
"1041","1.55","121","edf","29.4333969968396"
"1042","1.55","121","mse","631.979223802914"
"1043","1.55","122","edf","31.2963765776706"
"1044","1.55","122","mse","373.018029570077"
"1045","1.55","123","edf","27.0794854712068"
"1046","1.55","123","mse","784.780780509896"
"1047","1.55","124","edf","26.8123078080477"
"1048","1.55","124","mse","978.194104458458"
"1049","1.55","125","edf","23.0001905249413"
"1050","1.55","125","mse","1067.14021747453"
"1051","1.55","126","edf","27.9757983107318"
"1052","1.55","126","mse","838.898675174432"
"1053","1.55","127","edf","23.0001252309356"
"1054","1.55","127","mse","969.297484246027"
"1055","1.55","128","edf","26.5242539058601"
"1056","1.55","128","mse","710.825373467246"
"1057","1.55","129","edf","25.8626117977523"
"1058","1.55","129","mse","867.799575652597"
"1059","1.55","130","edf","27.8892049583541"
"1060","1.55","130","mse","551.597125275814"
"1061","1.55","131","edf","37.3019955196458"
"1062","1.55","131","mse","580.397583188597"
"1063","1.55","132","edf","27.3742035090334"
"1064","1.55","132","mse","559.933265116362"
"1065","1.55","133","edf","28.1044108360289"
"1066","1.55","133","mse","811.248523463544"
"1067","1.55","134","edf","32.471416277522"
"1068","1.55","134","mse","473.364074663089"
"1069","1.55","135","edf","23.0001321170951"
"1070","1.55","135","mse","1067.79472813931"
"1071","1.55","136","edf","27.0818486512647"
"1072","1.55","136","mse","610.593166185229"
"1073","1.55","137","edf","32.8427489967776"
"1074","1.55","137","mse","748.788592835633"
"1075","1.55","138","edf","31.5250408275179"
"1076","1.55","138","mse","713.236795703511"
"1077","1.55","139","edf","34.6870053841753"
"1078","1.55","139","mse","437.315311146414"
"1079","1.55","140","edf","33.9860314133806"
"1080","1.55","140","mse","429.114707334941"
"1081","1.55","141","edf","23.0002418136009"
"1082","1.55","141","mse","1472.67696415936"
"1083","1.55","142","edf","25.9880022282199"
"1084","1.55","142","mse","508.763827999358"
"1085","1.55","143","edf","34.108001162747"
"1086","1.55","143","mse","360.26163755705"
"1087","1.55","144","edf","32.8216925585696"
"1088","1.55","144","mse","368.960390879218"
"1089","1.55","145","edf","30.1555473153828"
"1090","1.55","145","mse","614.64446922609"
"1091","1.55","146","edf","28.0858670788468"
"1092","1.55","146","mse","792.824109283378"
"1093","1.55","147","edf","26.8196773780216"
"1094","1.55","147","mse","641.574953709925"
"1095","1.55","148","edf","32.0785237600837"
"1096","1.55","148","mse","613.579551411777"
"1097","1.55","149","edf","30.7159643525617"
"1098","1.55","149","mse","504.06955355364"
"1099","1.55","150","edf","27.1290959326404"
"1100","1.55","150","mse","784.509709207937"
"1101","1.55","151","edf","37.261675471104"
"1102","1.55","151","mse","634.873395132648"
"1103","1.55","152","edf","33.9859833397486"
"1104","1.55","152","mse","449.8544522976"
"1105","1.55","153","edf","28.3031532965534"
"1106","1.55","153","mse","651.764233908773"
"1107","1.55","154","edf","28.1741487866752"
"1108","1.55","154","mse","592.99364932246"
"1109","1.55","155","edf","31.0796126404904"
"1110","1.55","155","mse","475.67808056235"
"1111","1.55","156","edf","29.9001283475868"
"1112","1.55","156","mse","550.262101867807"
"1113","1.55","157","edf","28.1570351787548"
"1114","1.55","157","mse","562.937766212638"
"1115","1.55","158","edf","26.80279230475"
"1116","1.55","158","mse","624.80991058026"
"1117","1.55","159","edf","40.2726421911314"
"1118","1.55","159","mse","1034.93995640709"
"1119","1.55","160","edf","28.9357451909072"
"1120","1.55","160","mse","560.348794241726"
"1121","1.55","161","edf","23.0001351158541"
"1122","1.55","161","mse","999.172818132202"
"1123","1.55","162","edf","34.88466615334"
"1124","1.55","162","mse","575.107209665361"
"1125","1.55","163","edf","26.6032427866532"
"1126","1.55","163","mse","606.917709435097"
"1127","1.55","164","edf","33.2601059822564"
"1128","1.55","164","mse","583.544097351406"
"1129","1.55","165","edf","23.0002012738836"
"1130","1.55","165","mse","1366.74882499465"
"1131","1.55","166","edf","28.849457755924"
"1132","1.55","166","mse","793.192663563218"
"1133","1.55","167","edf","28.8908401206147"
"1134","1.55","167","mse","516.032110078869"
"1135","1.55","168","edf","33.963104915453"
"1136","1.55","168","mse","456.006966143666"
"1137","1.55","169","edf","27.9015502093362"
"1138","1.55","169","mse","1260.81847746511"
"1139","1.55","170","edf","30.6898493624799"
"1140","1.55","170","mse","733.860925216396"
"1141","1.55","171","edf","28.034023840998"
"1142","1.55","171","mse","511.860718727837"
"1143","1.55","172","edf","30.8507346584848"
"1144","1.55","172","mse","510.189297877904"
"1145","1.55","173","edf","30.7226560021071"
"1146","1.55","173","mse","605.716562408062"
"1147","1.55","174","edf","35.4179740164733"
"1148","1.55","174","mse","803.117996033341"
"1149","1.55","175","edf","28.8255847562898"
"1150","1.55","175","mse","889.086028602567"
"1151","1.55","176","edf","33.3283354310022"
"1152","1.55","176","mse","527.263170563221"
"1153","1.55","177","edf","27.7602151285167"
"1154","1.55","177","mse","635.783878733184"
"1155","1.55","178","edf","34.3954715056762"
"1156","1.55","178","mse","390.143836276537"
"1157","1.55","179","edf","28.0105392561497"
"1158","1.55","179","mse","447.796497604649"
"1159","1.55","180","edf","32.6270083910924"
"1160","1.55","180","mse","630.055545031032"
"1161","1.55","181","edf","33.2331894903079"
"1162","1.55","181","mse","691.2720473103"
"1163","1.55","182","edf","28.2366962102267"
"1164","1.55","182","mse","694.037834464662"
"1165","1.55","183","edf","34.2452809506886"
"1166","1.55","183","mse","416.413102363921"
"1167","1.55","184","edf","31.058381993504"
"1168","1.55","184","mse","311.798142960555"
"1169","1.55","185","edf","30.2555527587418"
"1170","1.55","185","mse","730.790975877518"
"1171","1.55","186","edf","30.8835054163675"
"1172","1.55","186","mse","478.270716515925"
"1173","1.55","187","edf","30.1948158132412"
"1174","1.55","187","mse","460.744037417298"
"1175","1.55","188","edf","31.8495989361815"
"1176","1.55","188","mse","439.657134263369"
"1177","1.55","189","edf","35.7450773385289"
"1178","1.55","189","mse","524.677637466237"
"1179","1.55","190","edf","29.5351295171223"
"1180","1.55","190","mse","652.726128619493"
"1181","1.55","191","edf","31.4943487164687"
"1182","1.55","191","mse","906.756505883621"
"1183","1.55","192","edf","47.2318711937247"
"1184","1.55","192","mse","625.278276794588"
"1185","1.55","193","edf","25.92724840904"
"1186","1.55","193","mse","609.077216786635"
"1187","1.55","194","edf","27.7607475194541"
"1188","1.55","194","mse","559.184348410337"
"1189","1.55","195","edf","31.24686424782"
"1190","1.55","195","mse","475.850534985171"
"1191","1.55","196","edf","28.5029475850913"
"1192","1.55","196","mse","605.894282920084"
"1193","1.55","197","edf","39.7506541731446"
"1194","1.55","197","mse","401.308103336081"
"1195","1.55","198","edf","28.872116106137"
"1196","1.55","198","mse","489.364182767723"
"1197","1.55","199","edf","27.1439065946081"
"1198","1.55","199","mse","553.003351899676"
"1199","1.55","200","edf","24.7872658484538"
"1200","1.55","200","mse","780.319203516536"
